TWEET,MEDIA_ATTACHMENT,attached_at,position
T0002055,M000001,2025-02-23 01:14:39,1
T0002424,M000002,2024-07-20 08:34:38,1
T0004894,M000003,2024-10-01 03:11:06,1
T0000025,M000004,2024-05-01 03:18:35,
T0003431,M000005,2024-01-02 09:43:25,1
T0001914,M000006,2025-07-10 17:03:23,1
T0003731,M000007,2025-11-20 00:07:56,1
T0003731,M000008,2024-08-17 13:13:52,2
T0003731,M000009,2024-07-16 21:04:34,3
T0003731,M000010,2024-02-25 22:32:23,4
T0000618,M000011,2025-09-15 00:53:59,1
T0000361,M000012,2025-03-27 20:37:21,1
T0000361,M000013,2024-11-05 20:35:02,2
T0002235,M000014,2025-10-09 18:11:03,1
T0003352,M000015,2025-02-08 21:55:54,
T0003352,M000016,2024-10-22 13:47:26,2
T0003352,M000017,2025-05-21 08:47:36,3
T0003352,M000018,2024-10-23 21:18:25,4
T0004777,M000019,2025-06-25 07:43:49,1
T0004777,M000020,2025-03-20 10:17:29,2
T0004777,M000021,2024-02-27 05:54:03,3
T0004777,M000022,2024-03-13 01:51:11,
T0002658,M000023,2025-11-17 23:50:41,1
T0001075,M000024,2025-10-25 17:51:12,1
T0003445,M000025,2024-11-11 16:36:47,1
T0003445,M000026,2025-04-09 14:56:14,2
T0003445,M000027,2025-04-16 21:03:25,
T0003445,M000028,2024-12-13 14:18:40,4
T0001667,M000029,2024-01-08 19:20:43,1
T0001667,M000030,2024-06-04 05:25:35,2
T0001667,M000031,2025-03-06 20:11:56,
T0001667,M000032,2025-07-19 20:39:12,4
T0002385,M000033,2024-09-02 17:09:51,1
T0001525,M000034,2024-09-20 14:40:38,1
T0001312,M000035,2024-10-28 13:01:15,1
T0004981,M000036,2023-12-11 12:34:47,1
T0000246,M000037,2024-08-21 06:06:22,1
T0001086,M000038,2024-12-07 17:02:44,1
T0001086,M000039,2025-01-15 21:39:46,2
T0002128,M000040,2025-09-10 21:36:00,1
T0001636,M000041,2024-08-20 06:58:20,1
T0004585,M000042,2025-08-06 18:17:53,1
T0004585,M000043,2025-06-09 13:08:40,2
T0004585,M000044,2025-06-15 20:12:05,3
T0000809,M000045,2025-06-13 14:56:18,1
T0000011,M000046,2024-08-15 03:21:43,
T0002715,M000047,2025-09-28 01:28:53,1
T0001139,M000048,2024-05-01 20:39:39,1
T0003748,M000049,2024-07-28 04:36:21,1
T0003748,M000050,2025-08-06 15:27:54,2
T0003748,M000051,2025-06-12 15:31:51,3
T0003748,M000052,2025-02-09 21:30:46,
T0000494,M000053,2025-04-09 23:46:47,1
T0004690,M000054,2025-05-18 11:34:27,1
T0004947,M000055,2025-09-13 06:18:31,1
T0004375,M000056,2024-07-22 09:10:37,1
T0000101,M000057,2025-01-25 23:54:07,
T0000101,M000058,2025-11-09 06:46:12,2
T0000101,M000059,2024-05-29 11:25:51,3
T0000101,M000060,2024-08-23 05:39:45,4
T0003943,M000061,2025-07-14 22:47:10,1
T0002355,M000062,2025-10-02 19:15:25,
T0003087,M000063,2024-03-29 00:30:07,1
T0003087,M000064,2025-11-06 21:36:45,2
T0003087,M000065,2025-04-21 05:32:51,3
T0003087,M000066,2024-08-29 08:57:34,4
T0001398,M000067,2025-01-02 23:17:51,1
T0001398,M000068,2024-12-29 02:05:01,2
T0001398,M000069,2025-11-30 20:58:15,3
T0001398,M000070,2024-02-26 14:23:49,4
T0000527,M000071,2024-06-08 16:41:47,1
T0000133,M000072,2023-12-25 21:23:19,1
T0000240,M000073,2024-05-15 23:18:14,1
T0003273,M000074,2025-05-19 04:34:14,1
T0002331,M000075,2025-09-05 17:16:14,1
T0001078,M000076,2024-04-23 20:42:31,1
T0001217,M000077,2024-06-04 17:32:04,
T0001784,M000078,2024-12-29 07:11:07,1
T0000162,M000079,2025-03-22 05:14:13,
T0000162,M000080,2025-07-18 07:56:04,2
T0000281,M000081,2025-07-16 03:19:24,
T0004037,M000082,2025-05-03 23:07:09,1
T0004842,M000083,2024-07-21 08:16:00,1
T0000249,M000084,2025-02-26 06:19:57,1
T0003073,M000085,2025-04-23 21:27:31,1
T0003073,M000086,2024-03-12 06:50:13,2
T0002390,M000087,2024-10-19 16:17:39,
T0002390,M000088,2024-02-01 08:21:24,2
T0002390,M000089,2023-12-17 00:02:35,3
T0002390,M000090,2024-02-12 09:58:33,4
T0003237,M000091,2025-09-24 03:59:40,1
T0004716,M000092,2024-07-17 07:55:35,1
T0000894,M000093,2024-12-18 00:45:36,1
T0000865,M000094,2024-07-05 17:16:04,
T0003906,M000095,2024-06-14 02:08:19,1
T0003906,M000096,2025-07-12 03:58:37,2
T0003906,M000097,2024-09-23 20:24:06,3
T0003709,M000098,2025-11-07 22:02:36,1
T0003709,M000099,2024-05-18 06:06:02,2
T0004071,M000100,2025-07-22 13:00:54,1
T0000324,M000101,2023-12-27 03:28:42,1
T0000374,M000102,2025-11-04 04:35:48,
T0000374,M000103,2024-11-30 12:24:22,2
T0000374,M000104,2024-03-09 02:43:01,3
T0000374,M000105,2024-11-28 08:06:30,4
T0002918,M000106,2025-11-27 14:42:05,1
T0002918,M000107,2024-01-29 15:12:05,
T0001410,M000108,2025-04-29 05:21:58,1
T0001410,M000109,2025-05-21 10:15:28,2
T0003097,M000110,2025-03-11 06:31:33,1
T0000601,M000111,2025-01-06 13:00:53,1
T0000601,M000112,2025-03-11 16:08:17,
T0000601,M000113,2025-04-30 03:20:36,3
T0000601,M000114,2025-04-18 22:58:07,4
T0001087,M000115,2025-08-10 07:32:02,1
T0001879,M000116,2024-08-15 04:41:06,1
T0004881,M000117,2024-01-13 11:35:34,
T0004881,M000118,2025-06-03 22:34:25,2
T0004881,M000119,2024-06-23 19:38:38,3
T0004881,M000120,2024-12-15 08:19:10,4
T0001259,M000121,2023-12-07 21:41:47,1
T0004424,M000122,2024-01-16 21:37:41,1
T0000456,M000123,2024-10-26 13:58:14,1
T0000456,M000124,2024-07-19 07:23:14,2
T0000456,M000125,2025-11-11 04:00:56,
T0000456,M000126,2025-04-02 20:56:12,4
T0001952,M000127,2024-07-29 19:38:28,1
T0000271,M000128,2024-12-25 22:59:54,1
T0000271,M000129,2024-12-18 01:25:54,2
T0000271,M000130,2025-01-05 23:13:01,3
T0000271,M000131,2024-08-20 01:41:42,4
T0000065,M000132,2025-06-21 04:49:00,1
T0000364,M000133,2025-06-05 17:17:10,
T0003908,M000134,2025-03-17 17:29:33,1
T0002426,M000135,2025-01-05 00:55:39,1
T0003663,M000136,2024-03-08 08:05:41,1
T0003663,M000137,2024-08-24 16:40:58,2
T0004772,M000138,2025-04-13 04:32:42,1
T0004772,M000139,2024-11-29 10:39:49,2
T0002105,M000140,2025-09-26 13:36:09,1
T0000175,M000141,2024-03-17 16:04:28,1
T0000175,M000142,2025-05-22 18:52:41,2
T0000175,M000143,2025-03-19 18:51:21,3
T0000175,M000144,2025-06-02 14:33:15,4
T0003834,M000145,2024-12-03 08:57:27,1
T0003834,M000146,2023-12-27 16:12:11,2
T0003834,M000147,2025-09-22 22:59:34,3
T0003000,M000148,2025-09-15 23:12:08,1
T0004555,M000149,2024-06-15 04:57:07,1
T0002977,M000150,2024-08-17 11:15:05,1
T0000827,M000151,2025-07-09 04:53:35,1
T0000827,M000152,2025-06-21 18:42:34,2
T0000827,M000153,2023-12-17 01:16:41,3
T0000827,M000154,2024-12-03 21:20:50,4
T0004263,M000155,2024-11-08 04:58:44,1
T0003893,M000156,2024-02-09 01:27:51,1
T0003893,M000157,2024-04-12 05:24:39,
T0003893,M000158,2025-09-10 00:43:40,3
T0003893,M000159,2023-12-18 16:35:48,4
T0001232,M000160,2024-10-27 19:34:00,
T0001470,M000161,2024-07-14 04:05:43,1
T0002604,M000162,2024-06-01 23:09:46,1
T0004813,M000163,2025-06-15 20:17:52,1
T0004813,M000164,2024-06-27 14:40:42,2
T0004734,M000165,2025-04-17 10:37:57,1
T0004734,M000166,2025-08-11 08:27:54,2
T0004734,M000167,2024-04-19 23:47:55,3
T0004734,M000168,2025-01-27 15:04:12,4
T0003819,M000169,2025-01-27 22:29:35,1
T0000108,M000170,2024-12-21 08:17:06,1
T0004090,M000171,2024-02-09 22:03:34,1
T0000378,M000172,2025-05-16 19:12:05,
T0001465,M000173,2024-09-24 18:01:23,
T0002542,M000174,2024-07-18 23:27:43,1
T0000763,M000175,2023-12-13 22:27:50,
T0004532,M000176,2025-03-20 12:58:54,1
T0003121,M000177,2025-03-18 18:15:44,1
T0003121,M000178,2025-03-22 17:16:11,2
T0000683,M000179,2023-12-04 10:59:42,
T0004349,M000180,2024-05-04 10:38:06,
T0001160,M000181,2025-04-16 14:00:12,1
T0003105,M000182,2024-10-01 00:01:51,1
T0000873,M000183,2024-03-19 03:37:47,1
T0000873,M000184,2025-10-08 15:07:17,2
T0004963,M000185,2024-09-03 22:37:50,
T0003628,M000186,2025-10-30 06:16:23,1
T0002230,M000187,2024-01-18 02:52:54,1
T0002197,M000188,2025-04-06 12:03:22,1
T0002435,M000189,2024-02-29 18:43:57,1
T0003304,M000190,2025-07-29 21:59:33,
T0003304,M000191,2025-05-31 22:51:08,2
T0003304,M000192,2025-09-01 11:27:47,3
T0003304,M000193,2023-12-20 01:33:28,4
T0003439,M000194,2025-05-09 15:04:16,1
T0003439,M000195,2025-01-02 10:42:49,
T0003465,M000196,2024-12-21 02:52:07,1
T0002318,M000197,2024-05-10 19:49:44,1
T0004088,M000198,2024-12-02 09:10:07,1
T0004088,M000199,2024-05-02 07:22:44,
T0003853,M000200,2025-10-25 08:56:26,1
T0003853,M000201,2025-05-06 15:10:18,2
T0002016,M000202,2024-05-29 13:20:13,
T0002016,M000203,2024-12-25 01:45:42,
T0002016,M000204,2024-07-19 19:29:55,3
T0001431,M000205,2024-08-22 06:59:22,
T0003299,M000206,2025-02-10 06:48:08,1
T0003299,M000207,2025-04-09 16:22:22,2
T0001462,M000208,2025-06-01 06:12:31,1
T0001462,M000209,2025-01-28 19:59:28,2
T0000442,M000210,2024-04-01 11:56:15,1
T0000580,M000211,2025-09-17 18:19:38,1
T0001940,M000212,2023-12-18 17:53:57,1
T0001940,M000213,2024-02-19 09:15:31,
T0001940,M000214,2025-02-23 14:43:57,3
T0001940,M000215,2024-02-19 21:46:42,4
T0000948,M000216,2025-06-28 13:37:26,
T0000986,M000217,2024-12-28 19:12:18,1
T0000964,M000218,2025-09-07 02:41:19,1
T0000964,M000219,2024-08-10 05:30:07,2
T0000964,M000220,2025-11-30 14:13:20,3
T0000964,M000221,2025-01-04 13:28:12,4
T0001265,M000222,2025-01-12 02:44:27,
T0003804,M000223,2025-04-07 06:48:15,1
T0003804,M000224,2025-03-15 20:54:39,2
T0003804,M000225,2025-08-11 19:52:54,3
T0003804,M000226,2024-11-19 11:51:26,4
T0002253,M000227,2024-04-06 19:22:56,1
T0002253,M000228,2024-10-25 14:50:14,
T0002253,M000229,2024-12-13 04:12:38,3
T0002253,M000230,2024-01-17 13:20:45,4
T0003674,M000231,2024-10-12 16:48:53,1
T0004920,M000232,2024-03-05 16:28:51,1
T0000769,M000233,2024-02-05 05:25:19,1
T0001095,M000234,2025-05-13 06:23:10,
T0003314,M000235,2024-04-30 07:49:22,1
T0001192,M000236,2024-05-18 11:03:22,1
T0001192,M000237,2024-06-20 16:09:14,2
T0001192,M000238,2024-08-25 01:04:39,3
T0001192,M000239,2025-07-13 08:43:00,4
T0004491,M000240,2025-08-04 12:27:41,1
T0004491,M000241,2024-05-25 08:37:46,2
T0004491,M000242,2024-01-03 05:45:18,3
T0004491,M000243,2025-05-02 10:18:07,4
T0001527,M000244,2025-06-25 22:11:46,1
T0001527,M000245,2025-03-26 18:48:50,2
T0001527,M000246,2025-01-01 04:48:42,3
T0001527,M000247,2024-02-29 18:44:48,
T0004915,M000248,2025-04-02 01:19:28,1
T0004915,M000249,2024-08-08 08:37:22,2
T0004915,M000250,2025-04-29 13:53:58,3
T0004915,M000251,2024-05-24 08:18:16,4
T0001241,M000252,2025-07-13 06:31:19,
T0001241,M000253,2024-02-06 00:32:20,2
T0001241,M000254,2024-12-20 23:28:55,3
T0001241,M000255,2025-03-27 04:13:14,
T0003650,M000256,2025-11-05 21:40:56,1
T0003217,M000257,2024-11-13 06:00:45,1
T0003217,M000258,2024-05-24 13:51:23,2
T0003217,M000259,2024-04-25 04:49:27,3
T0000688,M000260,2025-01-02 02:23:33,1
T0000688,M000261,2024-04-16 03:01:15,2
T0000688,M000262,2024-09-07 23:18:42,3
T0000688,M000263,2025-09-07 22:12:58,
T0004320,M000264,2024-01-24 05:29:31,1
T0004320,M000265,2025-03-30 07:29:34,2
T0000253,M000266,2024-05-27 11:16:40,
T0000800,M000267,2024-06-27 13:31:22,1
T0000800,M000268,2025-02-20 11:19:06,2
T0001679,M000269,2025-06-22 17:32:03,1
T0000217,M000270,2024-03-09 03:53:10,1
T0000217,M000271,2025-07-23 07:17:11,2
T0002592,M000272,2024-05-08 02:50:34,1
T0002592,M000273,2025-07-16 03:59:16,2
T0002592,M000274,2025-10-02 14:35:29,3
T0004266,M000275,2025-06-07 06:26:25,1
T0004266,M000276,2024-07-20 13:37:10,2
T0001703,M000277,2025-04-15 10:11:48,1
T0001197,M000278,2025-06-25 12:10:10,1
T0001197,M000279,2025-10-09 00:16:48,2
T0002819,M000280,2025-07-25 02:55:59,1
T0002819,M000281,2024-04-17 10:31:38,2
T0001864,M000282,2025-07-01 12:49:09,1
T0001864,M000283,2025-01-02 08:57:26,2
T0003888,M000284,2025-07-15 06:24:56,1
T0003888,M000285,2024-12-26 01:43:33,2
T0003888,M000286,2025-11-18 09:38:32,3
T0003888,M000287,2024-08-04 20:01:36,4
T0003966,M000288,2024-01-29 06:40:12,1
T0001016,M000289,2024-12-19 00:08:15,1
T0001016,M000290,2024-12-23 00:43:30,
T0001016,M000291,2025-09-02 02:56:53,3
T0001016,M000292,2025-03-01 13:07:05,4
T0002047,M000293,2025-07-16 07:15:55,1
T0002047,M000294,2023-12-26 23:51:42,2
T0002047,M000295,2024-01-08 09:42:52,3
T0000525,M000296,2024-03-02 17:09:48,
T0004701,M000297,2025-05-22 00:28:02,1
T0000586,M000298,2024-02-24 00:23:39,1
T0003184,M000299,2024-04-16 02:29:20,1
T0003184,M000300,2024-04-27 15:03:09,2
T0003184,M000301,2024-01-15 00:30:56,3
T0000243,M000302,2024-10-24 20:37:50,1
T0001083,M000303,2024-04-23 09:47:54,1
T0004808,M000304,2025-02-13 08:51:37,1
T0004808,M000305,2025-06-28 00:27:14,2
T0001546,M000306,2025-07-10 16:30:16,1
T0004373,M000307,2025-05-21 00:33:40,1
T0004648,M000308,2025-07-14 19:03:34,
T0003913,M000309,2025-09-17 15:05:44,1
T0004573,M000310,2025-02-14 10:41:10,
T0004573,M000311,2025-02-26 11:50:12,2
T0002602,M000312,2024-04-24 18:14:23,
T0002602,M000313,2024-10-27 16:46:36,
T0003915,M000314,2024-04-05 04:19:32,1
T0003915,M000315,2025-10-27 10:59:20,2
T0001727,M000316,2025-04-13 14:36:55,1
T0004629,M000317,2025-05-04 08:17:04,1
T0002779,M000318,2025-09-04 02:00:48,1
T0002266,M000319,2024-07-13 10:19:36,1
T0004377,M000320,2024-11-27 23:18:23,1
T0000924,M000321,2024-01-07 04:46:25,1
T0004657,M000322,2025-06-27 02:33:12,
T0001692,M000323,2025-09-20 02:39:37,1
T0001692,M000324,2024-11-02 01:48:25,2
T0002071,M000325,2025-08-22 21:38:39,1
T0002071,M000326,2025-03-01 21:59:01,2
T0002071,M000327,2024-10-17 22:56:39,3
T0001186,M000328,2024-11-30 01:18:09,1
T0004008,M000329,2024-09-22 18:01:48,1
T0002013,M000330,2025-01-28 18:23:59,1
T0002013,M000331,2024-01-14 22:42:58,2
T0002013,M000332,2025-01-04 02:46:04,3
T0001059,M000333,2023-12-18 09:45:34,1
T0001059,M000334,2024-10-30 02:41:59,2
T0004678,M000335,2025-07-16 20:01:20,1
T0004678,M000336,2024-05-01 11:56:55,2
T0004678,M000337,2025-04-08 20:57:49,
T0004678,M000338,2024-08-03 23:00:54,4
T0001303,M000339,2025-06-09 14:49:02,
T0000828,M000340,2024-03-04 19:43:30,1
T0000828,M000341,2024-04-17 22:16:07,2
T0004891,M000342,2025-10-20 17:46:45,1
T0004891,M000343,2025-10-13 13:11:08,2
T0004891,M000344,2024-07-09 22:04:39,
T0004891,M000345,2024-01-14 00:38:56,4
T0004370,M000346,2024-08-29 12:36:02,
T0002114,M000347,2025-09-10 20:22:09,1
T0002114,M000348,2024-03-24 19:08:55,
T0002114,M000349,2024-09-07 08:31:47,3
T0002114,M000350,2025-07-07 18:51:03,4
T0004415,M000351,2025-06-24 19:01:51,1
T0000674,M000352,2024-05-04 12:22:30,1
T0000674,M000353,2024-01-25 20:38:36,
T0000674,M000354,2025-05-04 10:23:53,
T0000674,M000355,2024-02-18 18:34:23,4
T0001545,M000356,2024-03-25 11:22:06,
T0000262,M000357,2024-11-08 09:01:50,1
T0000262,M000358,2024-12-16 21:17:48,2
T0004236,M000359,2024-06-21 18:13:42,1
T0002949,M000360,2025-11-05 17:58:01,
T0002949,M000361,2024-05-05 23:43:08,2
T0002949,M000362,2024-12-08 03:24:18,3
T0002949,M000363,2025-02-23 11:25:36,4
T0001817,M000364,2025-06-13 02:39:29,1
T0003982,M000365,2025-05-19 23:50:13,1
T0003982,M000366,2025-09-28 03:08:10,2
T0003982,M000367,2024-03-03 21:23:23,3
T0003982,M000368,2024-05-25 11:14:52,4
T0004810,M000369,2024-12-22 22:31:31,1
T0002863,M000370,2024-04-29 01:04:22,1
T0004534,M000371,2024-11-28 21:29:18,1
T0004534,M000372,2025-01-20 12:50:34,2
T0004534,M000373,2024-12-22 15:50:22,3
T0004347,M000374,2024-12-17 10:31:25,1
T0004347,M000375,2024-07-05 19:07:20,2
T0002285,M000376,2024-06-15 20:28:39,
T0002285,M000377,2025-08-31 23:36:07,
T0002285,M000378,2024-10-15 17:29:14,3
T0002285,M000379,2025-10-12 14:27:03,4
T0003540,M000380,2024-02-18 07:29:58,1
T0004318,M000381,2025-03-26 22:41:45,1
T0002361,M000382,2023-12-09 15:04:54,1
T0002361,M000383,2024-04-02 21:01:21,2
T0002361,M000384,2025-02-08 21:26:05,3
T0002361,M000385,2024-03-19 20:18:04,4
T0003942,M000386,2025-01-05 03:21:26,1
T0003942,M000387,2025-02-01 10:04:34,
T0003942,M000388,2025-02-12 17:51:01,3
T0003942,M000389,2025-10-12 10:39:01,4
T0003868,M000390,2024-11-06 21:39:49,1
T0003468,M000391,2025-01-03 06:18:18,1
T0001203,M000392,2025-09-26 00:54:08,1
T0001203,M000393,2025-08-11 11:40:28,2
T0000886,M000394,2024-06-03 11:02:36,1
T0004911,M000395,2024-11-09 18:57:11,1
T0004911,M000396,2024-11-27 20:39:22,2
T0000292,M000397,2024-03-23 19:35:23,1
T0000928,M000398,2024-02-20 21:36:09,1
T0000473,M000399,2024-06-26 12:48:39,1
T0000654,M000400,2024-04-05 03:39:26,1
T0004142,M000401,2025-08-13 11:48:04,1
T0002409,M000402,2024-08-23 16:39:30,1
T0002409,M000403,2024-02-08 13:51:07,
T0002409,M000404,2024-02-17 03:46:02,3
T0002409,M000405,2024-06-10 17:51:31,
T0000589,M000406,2025-09-19 02:21:16,
T0000589,M000407,2025-04-15 21:29:30,2
T0004600,M000408,2024-09-07 07:52:31,1
T0004868,M000409,2025-03-09 23:15:06,1
T0000746,M000410,2025-09-20 20:16:48,1
T0003784,M000411,2024-01-27 03:13:38,1
T0001875,M000412,2025-09-01 04:44:44,1
T0003903,M000413,2025-11-22 20:22:02,1
T0001929,M000414,2025-02-15 14:59:31,1
T0001929,M000415,2025-09-01 01:31:55,2
T0004971,M000416,2024-11-22 19:22:30,
T0003763,M000417,2024-02-11 23:40:22,1
T0000535,M000418,2024-06-22 21:59:41,
T0004893,M000419,2023-12-20 05:36:07,1
T0002126,M000420,2024-05-30 21:34:28,1
T0004245,M000421,2025-10-14 14:27:08,1
T0004245,M000422,2025-01-21 17:22:29,2
T0004245,M000423,2024-01-26 07:48:13,3
T0004245,M000424,2024-07-12 11:40:30,4
T0000785,M000425,2024-10-13 01:13:45,1
T0000785,M000426,2025-04-13 17:57:32,
T0000785,M000427,2025-07-23 13:47:05,3
T0004676,M000428,2024-01-29 00:45:01,1
T0004676,M000429,2023-12-09 12:03:59,2
T0004676,M000430,2025-04-20 03:19:02,3
T0004676,M000431,2024-05-23 10:32:44,
T0001620,M000432,2024-07-27 11:45:38,1
T0002076,M000433,2025-06-01 10:50:28,1
T0002076,M000434,2025-06-16 11:51:05,2
T0002076,M000435,2025-04-18 07:06:20,3
T0002076,M000436,2025-01-03 20:29:13,4
T0000926,M000437,2025-04-01 15:36:06,1
T0004432,M000438,2025-01-07 23:16:51,1
T0000592,M000439,2024-10-06 22:04:41,1
T0003249,M000440,2025-05-04 07:18:00,1
T0003249,M000441,2024-12-26 07:53:46,2
T0003141,M000442,2025-08-30 14:35:21,1
T0003771,M000443,2025-01-08 20:33:29,
T0003771,M000444,2024-08-23 13:35:15,2
T0003771,M000445,2025-03-13 13:38:00,
T0003771,M000446,2024-04-03 03:32:35,4
T0000588,M000447,2024-07-29 01:44:33,1
T0003301,M000448,2024-10-11 10:42:04,1
T0003301,M000449,2024-04-04 19:37:47,2
T0003301,M000450,2025-05-30 02:08:04,3
T0003301,M000451,2025-06-23 04:00:28,
T0002570,M000452,2024-11-07 11:05:08,1
T0002570,M000453,2024-02-29 14:52:53,2
T0002570,M000454,2025-05-18 03:21:21,3
T0002570,M000455,2024-09-23 08:01:18,4
T0002418,M000456,2024-10-04 06:36:57,1
T0002252,M000457,2024-07-28 05:00:21,1
T0004576,M000458,2024-02-11 13:54:04,1
T0001185,M000459,2024-04-04 17:44:00,1
T0001185,M000460,2024-11-07 18:00:03,2
T0001451,M000461,2024-05-24 00:09:25,1
T0000692,M000462,2025-06-20 21:51:14,1
T0001039,M000463,2024-02-16 13:55:54,1
T0004722,M000464,2024-08-06 17:16:45,1
T0004722,M000465,2024-12-19 15:10:54,2
T0004722,M000466,2025-05-26 04:29:35,3
T0004722,M000467,2024-07-27 23:56:14,4
T0000659,M000468,2025-08-07 22:17:37,
T0000659,M000469,2024-06-22 22:32:32,2
T0002321,M000470,2025-12-02 09:59:33,1
T0000035,M000471,2024-04-29 17:48:22,
T0000035,M000472,2023-12-11 19:34:51,2
T0000035,M000473,2025-08-30 03:27:05,
T0004941,M000474,2025-04-13 16:21:04,1
T0003293,M000475,2024-02-23 08:22:25,1
T0003293,M000476,2024-04-04 08:57:12,2
T0003293,M000477,2025-02-20 17:24:29,3
T0002502,M000478,2025-01-23 08:41:39,1
T0002502,M000479,2025-08-27 15:52:13,2
T0004135,M000480,2024-05-18 20:35:51,1
T0003921,M000481,2024-06-25 13:31:43,1
T0003921,M000482,2024-06-30 21:15:03,2
T0003921,M000483,2025-08-11 11:02:37,3
T0003921,M000484,2025-02-21 14:37:25,4
T0004661,M000485,2023-12-25 05:25:23,1
T0004376,M000486,2023-12-08 03:24:38,1
T0003563,M000487,2025-01-25 11:22:41,
T0001004,M000488,2024-02-22 18:06:59,
T0001004,M000489,2025-09-30 09:37:48,
T0001004,M000490,2025-07-03 09:37:49,
T0001004,M000491,2024-03-08 20:42:54,
T0004508,M000492,2025-04-24 09:00:50,
T0004508,M000493,2024-10-09 18:34:28,2
T0004508,M000494,2024-10-11 02:06:54,3
T0001183,M000495,2024-06-12 14:31:31,1
T0001183,M000496,2024-11-30 10:02:06,2
T0003874,M000497,2024-03-09 12:39:46,1
T0003652,M000498,2025-09-05 20:17:48,1
T0003818,M000499,2024-08-06 21:58:16,1
T0003818,M000500,2024-12-24 05:31:25,2
T0003500,M000501,2025-03-09 06:30:30,1
T0003500,M000502,2025-08-03 12:30:42,2
T0004975,M000503,2024-10-23 14:14:13,1
T0004975,M000504,2024-08-28 21:17:47,2
T0004975,M000505,2025-05-21 09:09:09,3
T0004975,M000506,2024-08-11 10:37:53,
T0001184,M000507,2025-03-12 22:55:58,
T0001184,M000508,2024-04-13 09:06:51,2
T0001184,M000509,2025-06-28 04:52:53,
T0001184,M000510,2025-01-21 05:07:59,4
T0001613,M000511,2024-11-16 06:17:35,
T0001613,M000512,2024-01-15 01:45:06,
T0001613,M000513,2024-02-05 05:01:53,3
T0003397,M000514,2025-07-25 07:10:10,
T0001233,M000515,2025-06-13 14:40:39,1
T0001233,M000516,2024-10-11 20:32:09,2
T0001233,M000517,2025-01-19 19:02:16,3
T0001233,M000518,2025-06-18 17:38:32,
T0003394,M000519,2025-11-17 04:06:35,1
T0000041,M000520,2025-04-06 07:26:12,1
T0000041,M000521,2024-06-26 00:50:23,2
T0000041,M000522,2025-07-01 07:39:20,3
T0000041,M000523,2025-10-23 10:27:14,4
T0004649,M000524,2025-03-09 18:27:36,1
T0003882,M000525,2024-04-07 08:59:45,1
T0004793,M000526,2023-12-29 14:36:28,1
T0004793,M000527,2024-07-25 10:45:03,2
T0000563,M000528,2025-11-21 09:18:19,
T0002359,M000529,2025-11-09 13:57:14,1
T0000779,M000530,2024-11-08 18:34:30,1
T0000779,M000531,2024-10-01 02:51:30,2
T0000779,M000532,2024-01-31 03:09:41,3
T0000779,M000533,2025-04-01 04:07:35,4
T0003890,M000534,2025-08-16 04:32:18,1
T0003890,M000535,2024-04-25 14:39:04,2
T0003890,M000536,2024-10-06 14:37:44,3
T0001676,M000537,2024-10-25 19:01:32,1
T0001045,M000538,2024-06-29 02:20:21,
T0001045,M000539,2024-03-07 05:10:48,2
T0001045,M000540,2025-07-02 10:44:51,3
T0001045,M000541,2024-04-28 02:36:13,4
T0004965,M000542,2025-09-24 10:00:30,1
T0003415,M000543,2025-07-24 11:39:58,1
T0003415,M000544,2025-06-05 11:44:46,2
T0003415,M000545,2024-01-19 07:17:56,3
T0003415,M000546,2024-12-07 15:11:26,4
T0003085,M000547,2025-04-11 13:55:02,1
T0003085,M000548,2024-04-28 13:09:25,
T0000382,M000549,2025-07-01 13:33:09,1
T0000382,M000550,2025-11-30 08:23:33,2
T0000382,M000551,2024-02-02 04:37:32,3
T0000382,M000552,2024-03-29 10:02:19,
T0001024,M000553,2025-08-15 18:15:20,
T0001024,M000554,2025-06-23 06:17:15,2
T0003762,M000555,2025-02-26 06:11:17,1
T0003762,M000556,2024-02-11 09:40:20,2
T0003796,M000557,2025-04-06 05:20:18,1
T0003902,M000558,2024-06-09 07:39:19,1
T0000064,M000559,2025-02-19 07:17:23,1
T0000064,M000560,2025-03-22 03:19:08,2
T0000064,M000561,2024-02-10 22:03:00,3
T0003038,M000562,2025-11-07 02:45:29,
T0000360,M000563,2025-08-20 08:51:13,1
T0004566,M000564,2025-01-02 14:15:48,
T0001795,M000565,2025-02-21 20:20:35,1
T0001795,M000566,2024-03-26 16:03:38,2
T0001795,M000567,2025-02-09 22:46:49,3
T0001795,M000568,2025-02-14 10:54:28,4
T0003410,M000569,2025-11-21 22:13:02,1
T0000278,M000570,2025-02-11 05:39:23,
T0002448,M000571,2025-10-01 13:34:17,1
T0004621,M000572,2025-04-11 00:21:43,1
T0000328,M000573,2024-11-11 12:56:55,1
T0001343,M000574,2025-03-29 13:28:14,
T0001343,M000575,2024-02-19 04:48:29,
T0000652,M000576,2025-10-30 11:33:23,1
T0004604,M000577,2025-10-02 15:47:53,1
T0003503,M000578,2024-02-06 12:16:10,
T0000983,M000579,2025-04-20 09:58:37,1
T0004552,M000580,2025-03-28 13:18:21,
T0004552,M000581,2024-08-08 07:47:19,2
T0004552,M000582,2024-04-16 19:37:14,3
T0004552,M000583,2025-05-26 12:44:07,4
T0001549,M000584,2025-03-31 11:52:14,1
T0001800,M000585,2025-08-20 01:14:36,
T0004272,M000586,2025-06-03 20:29:06,1
T0003693,M000587,2025-03-25 07:50:23,1
T0000486,M000588,2025-03-03 12:18:51,1
T0000486,M000589,2025-02-13 10:27:44,2
T0000486,M000590,2025-10-29 14:12:15,3
T0000486,M000591,2025-06-12 04:09:28,4
T0002132,M000592,2025-06-26 14:38:05,1
T0002132,M000593,2024-11-22 10:49:07,2
T0002132,M000594,2025-07-11 18:24:26,3
T0002132,M000595,2024-12-12 18:33:01,4
T0001882,M000596,2024-04-24 15:52:46,1
T0001882,M000597,2024-01-04 14:51:33,2
T0001882,M000598,2025-05-25 09:27:18,3
T0001882,M000599,2024-05-05 07:22:51,4
T0002916,M000600,2024-06-14 04:16:52,1
T0004624,M000601,2025-06-17 14:19:45,1
T0004624,M000602,2025-10-05 14:25:22,
T0004624,M000603,2024-12-25 16:01:25,3
T0002844,M000604,2024-12-20 11:05:37,1
T0001931,M000605,2025-08-30 18:55:28,1
T0001135,M000606,2024-01-28 20:49:00,1
T0001135,M000607,2025-01-15 21:31:23,2
T0001563,M000608,2024-09-21 03:24:17,1
T0001563,M000609,2023-12-08 23:06:51,2
T0004255,M000610,2024-01-15 08:54:03,1
T0001617,M000611,2025-02-07 21:13:50,
T0001617,M000612,2024-06-30 14:42:39,2
T0001617,M000613,2024-12-22 02:27:03,3
T0001617,M000614,2024-10-06 11:52:33,4
T0004766,M000615,2023-12-28 14:20:24,1
T0004766,M000616,2025-04-03 14:15:47,2
T0004766,M000617,2024-10-29 08:16:32,
T0004766,M000618,2025-11-15 16:30:04,4
T0000871,M000619,2024-03-12 09:56:58,1
T0000871,M000620,2023-12-04 08:46:40,
T0000871,M000621,2025-10-04 21:45:07,3
T0000871,M000622,2024-11-28 20:54:46,
T0001933,M000623,2025-03-29 10:00:34,1
T0001709,M000624,2025-06-26 04:01:25,1
T0001709,M000625,2024-08-05 16:00:47,2
T0001709,M000626,2025-12-01 06:42:01,3
T0001709,M000627,2025-08-01 10:47:46,
T0000566,M000628,2024-04-29 19:49:16,1
T0002852,M000629,2024-02-08 03:27:02,
T0003698,M000630,2024-10-03 18:11:41,1
T0003698,M000631,2024-11-21 17:19:56,2
T0003698,M000632,2024-09-19 19:22:13,
T0003698,M000633,2025-05-17 00:00:12,4
T0004885,M000634,2023-12-07 10:19:45,1
T0000014,M000635,2025-07-26 05:05:03,1
T0000014,M000636,2024-10-17 22:05:12,2
T0001202,M000637,2024-07-05 13:46:01,1
T0002683,M000638,2024-06-26 20:53:11,1
T0002932,M000639,2024-09-23 04:37:15,1
T0002932,M000640,2025-08-03 23:21:09,2
T0003438,M000641,2024-04-22 02:53:36,
T0001101,M000642,2024-10-03 06:40:37,1
T0001101,M000643,2024-08-27 23:10:22,
T0001101,M000644,2024-02-05 00:19:52,
T0001101,M000645,2023-12-08 12:37:40,4
T0000513,M000646,2024-01-12 12:48:37,1
T0001181,M000647,2023-12-09 04:49:51,1
T0001181,M000648,2025-07-24 05:42:02,2
T0001181,M000649,2024-01-12 12:48:15,3
T0001181,M000650,2024-12-24 23:31:53,4
T0002274,M000651,2025-11-24 15:40:10,1
T0000846,M000652,2024-02-03 19:47:47,1
T0002202,M000653,2025-04-13 01:47:43,1
T0002202,M000654,2024-09-26 11:40:47,2
T0004593,M000655,2024-09-05 10:01:48,1
T0003081,M000656,2025-01-10 19:57:24,1
T0003023,M000657,2024-01-05 09:51:30,1
T0003023,M000658,2024-03-31 19:44:27,
T0003023,M000659,2025-01-07 12:15:24,3
T0003023,M000660,2024-09-01 03:11:58,4
T0004957,M000661,2025-08-24 22:29:06,1
T0004575,M000662,2024-07-13 09:08:37,1
T0004575,M000663,2024-03-06 15:06:17,2
T0004575,M000664,2025-06-02 16:08:10,
T0004575,M000665,2025-09-10 19:16:23,4
T0003816,M000666,2024-07-24 03:39:04,1
T0000591,M000667,2024-11-07 22:31:56,1
T0000398,M000668,2024-08-06 02:22:08,1
T0000398,M000669,2025-07-31 20:42:02,2
T0000398,M000670,2025-05-24 03:01:10,3
T0003615,M000671,2025-09-26 06:30:50,1
T0003549,M000672,2025-05-28 16:50:24,1
T0003266,M000673,2025-09-06 11:37:42,1
T0003266,M000674,2024-04-15 01:43:20,2
T0000392,M000675,2025-02-02 20:57:17,1
T0003357,M000676,2025-09-13 14:01:20,1
T0003357,M000677,2024-02-13 00:21:35,2
T0003357,M000678,2024-09-30 10:58:30,3
T0003357,M000679,2024-12-13 01:05:18,4
T0000998,M000680,2025-10-12 17:16:26,1
T0002351,M000681,2024-06-11 01:59:22,1
T0004471,M000682,2024-08-19 16:36:18,
T0004683,M000683,2025-03-21 16:40:24,1
T0001282,M000684,2025-06-08 05:35:34,1
T0001621,M000685,2025-07-14 02:52:31,
T0001621,M000686,2025-09-20 08:47:58,2
T0000557,M000687,2024-10-01 16:35:09,1
T0000686,M000688,2025-02-03 10:21:29,1
T0000667,M000689,2024-03-23 09:08:48,1
T0001712,M000690,2024-10-26 05:21:53,
T0004354,M000691,2025-09-12 23:35:38,1
T0004354,M000692,2025-08-27 11:45:09,2
T0004354,M000693,2025-02-13 05:47:42,3
T0004354,M000694,2024-02-23 18:22:18,4
T0004078,M000695,2024-04-14 10:27:43,
T0002432,M000696,2025-08-03 10:15:32,1
T0004518,M000697,2024-05-18 20:11:26,1
T0004518,M000698,2024-08-25 19:21:42,2
T0001158,M000699,2025-06-18 07:03:00,1
T0001158,M000700,2025-08-26 13:07:47,2
T0001158,M000701,2024-04-14 04:03:38,3
T0003963,M000702,2025-01-19 01:09:26,1
T0003963,M000703,2025-06-11 07:20:19,2
T0003963,M000704,2025-09-27 08:29:49,
T0003963,M000705,2024-09-21 16:19:47,4
T0000425,M000706,2024-12-04 23:52:03,1
T0000593,M000707,2023-12-16 12:50:53,
T0001079,M000708,2024-10-31 11:37:08,1
T0001079,M000709,2024-04-03 00:05:21,2
T0001079,M000710,2024-01-08 22:36:55,3
T0000693,M000711,2025-08-08 19:14:02,
T0004723,M000712,2024-08-11 21:22:39,1
T0002365,M000713,2024-01-22 11:33:23,1
T0001579,M000714,2024-07-17 20:37:47,
T0003922,M000715,2023-12-31 00:33:57,
T0003922,M000716,2024-02-23 09:03:29,
T0003922,M000717,2025-10-25 08:25:48,3
T0003922,M000718,2023-12-20 00:06:43,4
T0001067,M000719,2025-08-31 08:21:18,1
T0001067,M000720,2024-02-03 19:49:27,2
T0001067,M000721,2024-05-12 15:33:26,
T0001067,M000722,2024-05-28 23:39:56,4
T0004693,M000723,2025-07-07 12:03:40,
T0000316,M000724,2025-07-21 11:48:54,
T0000316,M000725,2024-04-10 15:39:32,
T0003055,M000726,2024-08-12 13:47:31,1
T0004297,M000727,2025-02-02 07:54:07,1
T0004297,M000728,2025-02-08 03:34:13,
T0002854,M000729,2025-07-08 13:30:02,
T0002854,M000730,2024-11-24 03:05:31,2
T0003493,M000731,2024-05-03 19:20:57,1
T0003493,M000732,2024-02-06 14:20:16,2
T0000915,M000733,2025-10-26 18:31:21,1
T0000915,M000734,2024-07-16 19:59:34,
T0000915,M000735,2025-04-08 17:43:38,3
T0001434,M000736,2024-12-26 06:05:36,1
T0004438,M000737,2025-06-16 23:57:36,1
T0002381,M000738,2025-04-05 20:26:30,
T0001813,M000739,2024-03-28 06:30:07,1
T0001649,M000740,2024-03-22 20:17:09,1
T0001649,M000741,2024-11-09 09:52:14,2
T0001370,M000742,2024-10-09 04:32:26,1
T0002362,M000743,2024-02-16 03:41:06,1
T0002362,M000744,2024-11-19 06:27:23,2
T0002362,M000745,2024-04-01 20:28:04,
T0002362,M000746,2025-09-05 23:52:28,
T0000234,M000747,2025-02-03 00:18:57,
T0003904,M000748,2024-09-13 15:05:09,1
T0004019,M000749,2025-01-20 11:11:35,1
T0004019,M000750,2024-06-14 19:20:11,
T0004019,M000751,2024-04-14 07:39:14,3
T0001150,M000752,2025-08-09 13:08:21,1
T0004481,M000753,2023-12-30 07:40:13,1
T0003271,M000754,2025-09-22 21:06:27,1
T0000130,M000755,2025-10-06 08:28:56,
T0000130,M000756,2024-08-31 17:50:28,
T0003699,M000757,2024-02-21 08:22:00,1
T0003699,M000758,2025-04-19 09:16:13,2
T0001167,M000759,2025-09-23 00:21:33,1
T0000935,M000760,2025-10-23 10:26:20,
T0000935,M000761,2025-05-28 02:45:19,2
T0004828,M000762,2025-05-23 14:38:08,1
T0004828,M000763,2025-09-26 02:57:22,2
T0004828,M000764,2024-04-27 11:41:41,3
T0004828,M000765,2024-12-08 12:19:59,4
T0003606,M000766,2024-02-18 08:48:52,
T0003606,M000767,2025-09-01 23:21:25,2
T0003606,M000768,2024-08-04 11:14:14,3
T0003606,M000769,2025-08-12 21:51:31,4
T0001559,M000770,2024-10-15 02:31:41,
T0000564,M000771,2023-12-19 08:01:51,1
T0003798,M000772,2024-01-27 12:49:38,1
T0003798,M000773,2024-10-05 06:54:44,2
T0003798,M000774,2024-03-16 18:54:39,3
T0003798,M000775,2025-09-30 06:41:12,
T0000931,M000776,2024-05-24 21:55:19,
T0002791,M000777,2024-07-01 10:49:55,1
T0004892,M000778,2024-07-16 15:09:12,
T0002225,M000779,2025-05-07 16:52:46,1
T0003348,M000780,2024-12-01 15:36:28,
T0004501,M000781,2024-12-15 20:47:20,1
T0000337,M000782,2024-10-22 01:20:22,
T0001066,M000783,2025-03-10 13:34:07,1
T0001066,M000784,2024-09-01 09:02:46,
T0001066,M000785,2025-06-22 06:18:18,3
T0001066,M000786,2024-05-22 07:37:09,4
T0001151,M000787,2025-10-05 20:53:47,1
T0001151,M000788,2025-06-30 04:30:47,
T0000890,M000789,2024-03-07 04:24:03,1
T0000106,M000790,2024-11-27 09:29:46,1
T0002523,M000791,2024-06-16 23:59:27,1
T0002523,M000792,2024-01-12 08:44:18,2
T0002523,M000793,2023-12-27 14:53:11,3
T0002523,M000794,2025-08-13 08:48:40,4
T0001290,M000795,2025-02-21 17:03:06,1
T0000275,M000796,2024-03-24 05:12:00,1
T0003334,M000797,2025-02-04 07:42:06,1
T0002170,M000798,2025-03-27 03:29:30,
T0002001,M000799,2025-03-04 09:17:07,1
T0003453,M000800,2024-06-11 11:30:50,1
T0004396,M000801,2025-03-05 09:18:51,1
T0004396,M000802,2025-08-14 19:29:51,2
T0004290,M000803,2024-08-10 21:10:50,1
T0000121,M000804,2024-06-13 01:31:08,1
T0000121,M000805,2025-02-19 07:02:07,2
T0000121,M000806,2024-12-02 06:24:31,3
T0000121,M000807,2024-09-13 09:06:34,4
T0000187,M000808,2025-03-16 11:24:09,1
T0000187,M000809,2024-02-05 11:53:06,2
T0000187,M000810,2024-12-20 00:00:43,3
T0000187,M000811,2025-09-22 07:32:29,4
T0000415,M000812,2024-03-17 05:51:51,1
T0000415,M000813,2025-02-13 19:53:26,2
T0000415,M000814,2025-09-10 20:12:23,3
T0000415,M000815,2025-02-14 19:47:45,4
T0003492,M000816,2024-03-30 05:41:55,1
T0002467,M000817,2025-10-13 22:10:00,1
T0000999,M000818,2024-03-24 09:24:55,1
T0002611,M000819,2025-07-03 13:29:25,1
T0002611,M000820,2024-11-09 04:30:24,
T0002611,M000821,2025-11-24 19:33:49,3
T0002611,M000822,2024-08-22 08:20:32,4
T0002656,M000823,2024-04-26 01:27:49,1
T0002656,M000824,2024-08-03 01:22:35,2
T0002656,M000825,2024-05-26 02:59:36,3
T0002656,M000826,2025-11-17 20:13:00,4
T0000934,M000827,2025-06-16 03:12:08,1
T0004268,M000828,2024-07-26 15:49:43,1
T0004268,M000829,2025-04-11 19:32:05,
T0003253,M000830,2025-06-16 17:42:20,1
T0003194,M000831,2024-02-12 15:38:36,1
T0003194,M000832,2025-06-02 00:49:59,2
T0001100,M000833,2024-03-28 19:03:05,
T0000335,M000834,2024-08-15 01:10:10,1
T0000335,M000835,2024-07-15 20:51:19,2
T0003098,M000836,2025-03-26 09:58:43,1
T0003098,M000837,2024-12-28 03:57:30,2
T0004652,M000838,2023-12-07 08:41:06,1
T0002590,M000839,2024-06-04 18:55:08,
T0002590,M000840,2025-07-25 11:05:55,
T0002590,M000841,2023-12-30 13:23:09,3
T0003746,M000842,2024-12-30 00:43:10,1
T0000438,M000843,2025-09-12 13:38:35,1
T0000772,M000844,2024-07-26 01:48:20,
T0000772,M000845,2024-02-12 17:28:36,2
T0000772,M000846,2025-10-16 11:39:27,3
T0000772,M000847,2025-04-01 18:25:33,4
T0001850,M000848,2025-01-05 19:09:08,1
T0003961,M000849,2025-11-20 16:23:44,1
T0003961,M000850,2025-02-20 21:57:35,2
T0003961,M000851,2024-02-24 14:40:02,3
T0003961,M000852,2025-09-27 20:35:33,4
T0002498,M000853,2024-06-02 01:11:12,1
T0000824,M000854,2024-10-27 17:12:30,1
T0000537,M000855,2024-01-25 09:47:07,1
T0001270,M000856,2025-09-11 22:22:11,
T0001124,M000857,2025-03-03 14:04:43,1
T0001124,M000858,2025-03-14 17:40:59,2
T0002589,M000859,2025-03-10 10:08:55,
T0002589,M000860,2024-06-09 12:48:44,2
T0002589,M000861,2025-08-22 21:11:23,3
T0002589,M000862,2024-03-14 20:49:46,4
T0003851,M000863,2024-10-22 18:19:34,1
T0002408,M000864,2025-01-19 02:45:36,
T0003984,M000865,2024-06-21 17:05:33,
T0003984,M000866,2025-11-30 04:42:52,
T0003984,M000867,2024-04-30 17:11:41,3
T0003984,M000868,2024-09-21 10:41:19,
T0004631,M000869,2025-01-19 13:05:08,1
T0001652,M000870,2024-01-13 09:48:16,1
T0002674,M000871,2025-01-22 20:34:48,1
T0001590,M000872,2024-05-19 23:15:06,1
T0001590,M000873,2024-08-02 09:23:51,2
T0001590,M000874,2025-01-07 09:14:57,3
T0001590,M000875,2025-05-10 07:48:59,4
T0000227,M000876,2025-06-15 01:15:29,1
T0002091,M000877,2024-05-18 11:37:02,
T0001568,M000878,2024-07-01 14:49:48,1
T0001568,M000879,2025-08-26 00:27:39,2
T0001568,M000880,2025-01-08 06:47:58,3
T0002702,M000881,2025-08-14 17:29:03,1
T0003033,M000882,2024-01-07 14:48:41,
T0002054,M000883,2024-08-29 10:04:55,1
T0002336,M000884,2024-11-06 09:14:53,1
T0002336,M000885,2024-03-16 04:17:53,
T0002336,M000886,2024-12-20 16:04:43,
T0000092,M000887,2023-12-15 04:47:55,
T0000236,M000888,2024-02-28 06:26:24,1
T0001256,M000889,2024-03-15 21:10:36,1
T0001256,M000890,2025-11-21 17:20:40,2
T0001256,M000891,2024-02-24 21:46:57,3
T0002492,M000892,2025-03-24 11:38:03,
T0002492,M000893,2025-01-18 00:45:51,2
T0002492,M000894,2024-01-03 14:19:40,3
T0002492,M000895,2024-11-20 12:34:43,
T0003946,M000896,2024-08-31 02:23:31,1
T0004224,M000897,2025-06-30 01:42:53,
T0004280,M000898,2025-02-20 17:15:07,1
T0004280,M000899,2024-02-12 01:56:12,2
T0004280,M000900,2025-02-14 17:46:24,
T0004280,M000901,2025-01-08 07:53:46,4
T0002814,M000902,2025-04-29 05:27:45,1
T0002814,M000903,2023-12-17 15:01:20,2
T0003694,M000904,2024-01-06 07:46:26,1
T0003484,M000905,2025-10-29 00:39:10,1
T0002971,M000906,2025-08-24 21:28:06,1
T0000945,M000907,2024-10-21 12:01:15,1
T0004304,M000908,2024-12-23 04:21:05,1
T0001510,M000909,2025-09-27 15:18:48,1
T0001510,M000910,2025-03-20 23:26:58,2
T0001510,M000911,2025-09-02 23:52:25,3
T0001510,M000912,2025-07-14 18:41:15,
T0001032,M000913,2025-11-30 11:20:16,1
T0001129,M000914,2025-11-25 10:56:27,1
T0001129,M000915,2025-01-31 10:03:34,
T0001830,M000916,2025-10-01 10:08:26,1
T0001324,M000917,2025-11-14 13:12:15,1
T0000912,M000918,2023-12-18 11:59:36,1
T0000912,M000919,2024-10-14 00:37:41,2
T0000912,M000920,2025-07-03 22:25:02,3
T0000912,M000921,2025-08-07 00:05:51,4
T0004603,M000922,2023-12-14 18:33:34,1
T0002906,M000923,2025-08-20 04:07:05,1
T0004041,M000924,2025-05-26 10:45:03,1
T0000238,M000925,2025-05-27 07:43:56,1
T0002726,M000926,2024-04-01 15:33:25,1
T0001888,M000927,2025-07-28 01:47:22,1
T0002272,M000928,2025-05-05 23:55:49,1
T0002272,M000929,2024-03-03 19:17:27,2
T0002272,M000930,2025-05-13 09:59:01,
T0002272,M000931,2024-02-16 18:21:29,4
T0002021,M000932,2025-02-27 03:08:50,1
T0002021,M000933,2024-07-27 03:06:29,2
T0000022,M000934,2024-02-09 18:08:16,
T0001091,M000935,2025-05-31 16:47:22,
T0001983,M000936,2024-12-03 14:36:30,1
T0002176,M000937,2024-12-10 23:26:43,1
T0000676,M000938,2025-05-03 11:03:18,1
T0001605,M000939,2025-12-02 14:51:58,1
T0001605,M000940,2024-04-15 13:52:40,2
T0001193,M000941,2024-01-25 13:02:46,1
T0001193,M000942,2023-12-14 16:05:24,
T0002574,M000943,2023-12-12 14:28:02,1
T0000105,M000944,2024-08-02 16:11:30,1
T0003090,M000945,2024-05-16 04:13:14,1
T0003090,M000946,2025-06-05 06:44:39,
T0004182,M000947,2025-11-15 07:27:33,1
T0000059,M000948,2024-02-09 09:54:36,1
T0000059,M000949,2024-12-21 23:26:51,2
T0000059,M000950,2025-08-05 06:27:29,3
T0000059,M000951,2024-05-10 09:23:52,4
T0003844,M000952,2025-02-16 04:42:07,1
T0000617,M000953,2025-07-16 08:07:06,1
T0000617,M000954,2024-11-13 04:38:01,
T0000617,M000955,2025-10-24 10:14:53,3
T0000617,M000956,2024-12-01 01:38:55,4
T0004414,M000957,2024-10-24 21:03:54,1
T0004414,M000958,2024-08-10 22:25:10,2
T0004400,M000959,2025-07-26 19:58:03,1
T0004917,M000960,2024-05-25 00:21:19,1
T0004917,M000961,2024-07-05 00:37:39,
T0004917,M000962,2023-12-21 13:05:07,3
T0004917,M000963,2024-05-15 19:22:16,4
T0004510,M000964,2024-01-10 23:51:10,
T0004510,M000965,2025-05-01 12:03:42,2
T0002101,M000966,2025-04-12 05:49:49,1
T0002101,M000967,2024-03-29 03:03:01,2
T0002101,M000968,2025-05-01 16:19:48,
T0003375,M000969,2024-09-15 03:55:25,1
T0003375,M000970,2025-11-30 22:22:53,2
T0000081,M000971,2024-09-27 15:52:50,1
T0004539,M000972,2025-02-13 18:57:04,1
T0004539,M000973,2025-08-05 23:29:08,
T0000393,M000974,2024-09-15 04:29:57,1
T0002017,M000975,2025-08-13 04:23:37,1
T0001567,M000976,2025-07-02 14:53:27,1
T0000875,M000977,2025-01-06 11:57:40,1
T0004074,M000978,2025-10-25 12:55:34,1
T0004074,M000979,2024-02-06 03:51:40,2
T0004074,M000980,2024-02-24 12:16:53,
T0002288,M000981,2025-06-14 05:07:00,1
T0000004,M000982,2024-07-05 18:21:36,1
T0004618,M000983,2024-05-09 21:40:15,1
T0004618,M000984,2025-01-15 01:38:29,2
T0004618,M000985,2025-07-06 07:57:33,3
T0004618,M000986,2025-04-06 08:30:44,
T0003422,M000987,2025-07-15 18:16:23,1
T0003422,M000988,2025-11-22 06:30:33,2
T0003422,M000989,2025-03-15 11:38:01,
T0003422,M000990,2025-08-20 14:34:20,4
T0000643,M000991,2025-09-01 23:20:59,
T0004076,M000992,2025-07-26 02:20:46,1
T0004076,M000993,2025-06-11 11:32:22,
T0004757,M000994,2024-04-08 06:10:04,1
T0004757,M000995,2024-07-22 16:32:57,
T0004757,M000996,2025-05-09 01:18:18,
T0004757,M000997,2025-02-26 05:49:36,4
T0000578,M000998,2024-10-18 10:42:16,1
T0000578,M000999,2024-08-24 00:29:53,2
T0000578,M001000,2024-06-26 17:19:02,3
T0000751,M001001,2025-02-22 15:37:03,
T0000039,M001002,2025-04-25 08:38:06,1
T0000039,M001003,2025-11-22 07:23:48,2
T0000039,M001004,2025-11-16 04:34:45,
T0000039,M001005,2025-02-17 01:20:42,4
T0004059,M001006,2025-06-28 00:01:18,1
T0002257,M001007,2023-12-29 20:25:56,1
T0002257,M001008,2025-04-07 22:48:35,2
T0002257,M001009,2024-02-23 00:28:30,3
T0002257,M001010,2023-12-16 18:26:54,4
T0003512,M001011,2025-05-20 21:19:21,1
T0001574,M001012,2025-10-22 01:40:40,1
T0001574,M001013,2024-09-14 20:49:51,2
T0001574,M001014,2024-06-29 21:32:11,3
T0001574,M001015,2024-02-03 15:12:48,4
T0002994,M001016,2024-12-16 01:37:32,1
T0003234,M001017,2025-11-12 18:43:28,1
T0001539,M001018,2025-02-27 12:10:09,1
T0001539,M001019,2025-08-10 06:31:27,2
T0001539,M001020,2025-01-18 23:45:47,3
T0001539,M001021,2025-06-19 13:07:01,4
T0004904,M001022,2025-03-03 08:27:20,1
T0004904,M001023,2024-12-25 03:14:15,2
T0004904,M001024,2025-07-26 22:29:08,3
T0004904,M001025,2024-08-18 00:40:55,4
T0001540,M001026,2025-02-18 12:54:22,1
T0004163,M001027,2025-01-21 10:57:14,1
T0002843,M001028,2025-04-19 00:44:38,1
T0001459,M001029,2024-08-23 13:15:23,1
T0000905,M001030,2024-10-08 15:50:11,1
T0004296,M001031,2024-10-21 12:44:14,1
T0000487,M001032,2025-04-26 11:42:36,1
T0001351,M001033,2023-12-21 12:02:28,
T0001550,M001034,2025-02-22 00:43:32,1
T0001550,M001035,2024-03-10 04:25:36,2
T0003222,M001036,2024-02-20 05:51:38,1
T0003930,M001037,2024-04-14 05:26:05,1
T0002992,M001038,2025-12-01 16:39:00,
T0002992,M001039,2024-12-13 10:11:31,2
T0004728,M001040,2024-07-11 15:38:40,1
T0004823,M001041,2025-06-02 01:47:49,1
T0000319,M001042,2025-03-24 16:50:14,1
T0000319,M001043,2025-09-30 23:23:35,2
T0000277,M001044,2024-02-14 05:53:33,1
T0000277,M001045,2025-06-22 09:04:29,2
T0000277,M001046,2025-06-05 03:20:23,3
T0000277,M001047,2023-12-31 12:39:03,4
T0000784,M001048,2024-03-21 23:49:23,1
T0004332,M001049,2025-04-02 01:24:43,1
T0000196,M001050,2024-01-17 13:19:49,1
T0000196,M001051,2024-11-10 11:08:00,2
T0004108,M001052,2024-08-02 00:00:40,1
T0004108,M001053,2025-05-06 10:02:46,2
T0004108,M001054,2024-12-24 17:14:18,3
T0004108,M001055,2024-03-26 14:07:13,
T0002930,M001056,2025-02-13 05:10:28,
T0002930,M001057,2025-07-06 12:40:38,2
T0002930,M001058,2025-07-20 17:13:17,3
T0002930,M001059,2024-03-07 13:16:56,4
T0001278,M001060,2025-07-18 12:53:48,
T0001278,M001061,2025-03-03 11:03:04,2
T0001278,M001062,2024-02-16 20:57:01,3
T0000371,M001063,2025-09-16 23:43:41,1
T0004799,M001064,2025-08-22 05:03:27,
T0001984,M001065,2024-04-27 01:38:58,1
T0001984,M001066,2025-05-18 06:48:44,2
T0001984,M001067,2024-12-28 05:47:17,
T0001984,M001068,2024-06-05 13:15:21,4
T0002182,M001069,2024-11-12 18:47:45,1
T0002182,M001070,2024-03-20 16:44:42,2
T0002182,M001071,2025-10-03 13:39:27,3
T0002182,M001072,2025-06-15 00:23:54,4
T0004495,M001073,2025-09-19 17:21:32,1
T0004495,M001074,2025-11-04 13:09:13,
T0001671,M001075,2025-02-11 16:38:30,1
T0001671,M001076,2024-09-13 04:25:26,2
T0001671,M001077,2024-10-19 09:46:54,3
T0001671,M001078,2025-01-18 19:05:01,4
T0001168,M001079,2024-12-31 23:01:56,1
T0003433,M001080,2024-07-08 03:00:32,1
T0003054,M001081,2025-07-08 19:49:57,1
T0003786,M001082,2025-05-03 14:49:02,1
T0001674,M001083,2024-11-25 08:29:24,1
T0004839,M001084,2025-06-27 15:11:00,1
T0004839,M001085,2025-09-06 06:15:35,2
T0004839,M001086,2024-11-16 06:09:58,
T0004839,M001087,2025-08-29 20:31:56,
T0003152,M001088,2025-08-26 18:47:18,1
T0003152,M001089,2025-11-15 05:57:36,
T0003152,M001090,2024-05-22 03:00:37,3
T0002256,M001091,2025-09-13 16:19:09,1
T0003537,M001092,2025-08-14 16:11:40,
T0002809,M001093,2024-04-18 16:18:23,1
T0002809,M001094,2024-03-22 18:54:17,2
T0004480,M001095,2025-02-01 12:35:01,1
T0004249,M001096,2025-08-09 01:46:28,1
T0004249,M001097,2024-01-13 14:38:56,2
T0004249,M001098,2025-05-07 10:34:04,3
T0004249,M001099,2024-01-27 07:10:10,4
T0004719,M001100,2025-09-10 12:57:13,
T0004719,M001101,2025-03-20 07:56:36,2
T0004719,M001102,2025-10-12 16:10:00,
T0004719,M001103,2024-05-25 17:17:07,4
T0002569,M001104,2025-08-25 10:38:42,1
T0002569,M001105,2024-04-04 21:12:02,2
T0004967,M001106,2025-06-23 01:32:36,1
T0001898,M001107,2025-05-14 20:44:19,1
T0003274,M001108,2024-01-24 20:04:27,1
T0001164,M001109,2024-11-14 16:08:05,
T0003418,M001110,2025-11-09 12:50:22,1
T0003418,M001111,2025-02-19 11:40:58,
T0001711,M001112,2024-01-19 12:40:46,1
T0004328,M001113,2024-03-28 13:09:10,1
T0004519,M001114,2024-08-29 19:27:13,
T0004519,M001115,2024-06-29 18:13:11,
T0003758,M001116,2023-12-13 06:49:39,1
T0003758,M001117,2025-08-08 12:03:58,2
T0003758,M001118,2025-07-01 06:50:38,3
T0003758,M001119,2024-02-16 17:40:45,4
T0003905,M001120,2024-10-16 03:45:55,
T0003905,M001121,2024-03-24 22:44:16,2
T0002625,M001122,2025-05-06 21:25:39,1
T0003770,M001123,2025-07-26 19:04:12,
T0003770,M001124,2024-06-29 16:00:54,
T0003770,M001125,2025-06-03 17:08:42,
T0002612,M001126,2025-08-12 02:47:53,1
T0002612,M001127,2024-07-24 10:26:28,2
T0002612,M001128,2024-03-14 15:47:50,3
T0002612,M001129,2024-11-30 04:14:33,4
T0001484,M001130,2025-04-28 01:47:12,1
T0001484,M001131,2024-01-29 14:00:06,
T0004203,M001132,2024-11-09 15:29:53,1
T0000028,M001133,2025-10-10 08:46:45,1
T0000152,M001134,2024-06-01 11:04:57,1
T0000888,M001135,2024-07-07 10:30:55,1
T0000088,M001136,2025-07-28 02:42:12,
T0000460,M001137,2025-10-02 08:05:58,1
T0000460,M001138,2024-02-20 15:08:07,
T0000460,M001139,2024-03-17 00:31:54,3
T0000460,M001140,2024-07-22 14:54:21,4
T0000803,M001141,2024-07-01 15:17:29,1
T0000803,M001142,2025-01-01 05:13:21,2
T0000728,M001143,2025-03-25 07:07:59,1
T0000256,M001144,2025-08-18 10:59:41,
T0000747,M001145,2024-09-04 15:47:19,1
T0003586,M001146,2024-10-28 13:46:42,1
T0000737,M001147,2025-10-11 15:15:59,1
T0000737,M001148,2025-04-28 19:51:27,2
T0000737,M001149,2025-03-29 19:19:55,3
T0000737,M001150,2025-05-24 10:01:35,
T0001043,M001151,2025-03-12 14:12:29,1
T0004279,M001152,2025-09-11 15:20:36,1
T0001427,M001153,2025-04-17 20:26:14,1
T0001427,M001154,2025-03-08 00:01:37,2
T0001427,M001155,2024-03-27 07:15:53,3
T0001556,M001156,2025-01-24 20:10:40,1
T0001556,M001157,2024-07-12 18:07:08,2
T0001556,M001158,2024-11-15 19:25:21,3
T0001556,M001159,2025-02-13 15:41:09,4
T0004238,M001160,2024-06-13 10:54:26,1
T0003386,M001161,2024-06-18 06:51:49,1
T0003386,M001162,2025-04-05 03:27:19,2
T0003386,M001163,2025-05-06 16:24:02,3
T0004237,M001164,2024-11-28 04:36:49,1
T0004787,M001165,2024-12-21 08:30:55,1
T0004787,M001166,2024-04-26 21:19:31,2
T0004787,M001167,2024-06-21 05:03:10,3
T0002469,M001168,2024-12-07 14:13:36,1
T0002469,M001169,2024-11-03 15:43:50,2
T0001071,M001170,2024-08-20 00:49:24,1
T0001071,M001171,2025-10-30 03:15:05,2
T0001071,M001172,2025-07-22 06:02:37,
T0000608,M001173,2024-09-01 22:04:41,1
T0000699,M001174,2025-01-20 05:32:27,1
T0000699,M001175,2024-03-19 13:13:24,2
T0000699,M001176,2024-05-12 20:43:13,
T0000699,M001177,2025-10-18 22:01:46,4
T0004295,M001178,2025-06-13 12:18:03,
T0004507,M001179,2025-05-07 07:03:54,1
T0004507,M001180,2025-10-20 15:14:37,
T0003807,M001181,2025-05-03 02:20:44,1
T0001050,M001182,2024-12-13 01:52:53,1
T0002983,M001183,2024-08-14 14:46:34,1
T0001272,M001184,2024-05-31 20:16:17,
T0003802,M001185,2025-04-26 07:45:15,1
T0002324,M001186,2024-01-11 03:28:58,
T0004736,M001187,2024-11-18 07:32:34,1
T0000712,M001188,2024-05-08 00:54:15,1
T0004615,M001189,2024-01-21 17:09:40,1
T0003032,M001190,2024-01-19 16:20:01,1
T0003032,M001191,2024-06-15 18:04:36,2
T0003032,M001192,2025-04-25 06:44:29,3
T0002953,M001193,2024-11-13 09:52:43,1
T0000498,M001194,2024-07-29 04:23:45,1
T0000498,M001195,2024-05-29 23:16:29,2
T0000498,M001196,2024-07-27 00:28:15,3
T0000498,M001197,2025-06-25 19:39:59,4
T0003764,M001198,2025-04-19 11:58:41,1
T0002886,M001199,2024-02-14 03:44:06,1
T0002886,M001200,2024-12-14 10:43:49,
T0002886,M001201,2025-06-26 00:53:59,
T0002886,M001202,2024-07-01 17:59:46,4
T0000302,M001203,2025-11-23 14:05:44,1
T0001355,M001204,2025-04-08 05:26:41,1
T0001355,M001205,2024-09-01 09:17:26,
T0001355,M001206,2024-03-13 08:33:58,3
T0003957,M001207,2024-09-06 06:26:57,1
T0004816,M001208,2025-01-07 02:45:01,1
T0001557,M001209,2025-05-31 08:25:05,1
T0002501,M001210,2024-03-01 07:41:36,
T0000388,M001211,2025-02-07 18:17:29,1
T0000603,M001212,2025-07-26 13:21:49,1
T0003742,M001213,2024-12-03 14:02:19,1
T0003742,M001214,2025-09-08 23:32:31,2
T0003742,M001215,2025-06-13 14:48:26,3
T0003742,M001216,2025-08-28 16:05:16,4
T0001292,M001217,2024-09-03 02:04:38,1
T0001292,M001218,2025-04-27 19:50:08,2
T0001292,M001219,2024-11-29 20:31:58,3
T0001292,M001220,2024-04-20 09:48:38,4
T0000231,M001221,2025-10-04 02:55:37,1
T0000497,M001222,2024-04-08 13:30:27,1
T0000394,M001223,2025-10-04 22:51:36,1
T0002141,M001224,2025-07-24 19:50:13,1
T0001154,M001225,2024-12-20 22:45:43,1
T0001859,M001226,2025-08-11 18:26:36,1
T0001859,M001227,2024-12-05 12:03:12,2
T0002578,M001228,2025-08-18 03:24:25,
T0003976,M001229,2024-05-23 01:53:44,
T0003976,M001230,2024-09-29 15:20:32,2
T0004256,M001231,2024-05-15 16:35:56,1
T0004258,M001232,2025-09-03 01:36:20,1
T0004258,M001233,2024-12-03 22:18:31,
T0004258,M001234,2024-12-23 22:37:06,3
T0004258,M001235,2025-04-18 10:53:32,4
T0004705,M001236,2024-08-07 18:15:13,
T0000166,M001237,2025-06-26 02:16:45,1
T0004022,M001238,2023-12-28 10:14:19,1
T0000462,M001239,2025-11-19 04:29:52,1
T0000462,M001240,2024-12-13 15:17:53,2
T0000462,M001241,2024-09-15 00:09:42,3
T0000969,M001242,2025-01-30 11:20:46,1
T0000263,M001243,2024-03-15 10:58:06,
T0000232,M001244,2025-08-19 09:30:12,1
T0004066,M001245,2024-08-13 08:08:09,1
T0004066,M001246,2025-05-22 19:37:22,2
T0003385,M001247,2025-10-13 09:58:58,1
T0004935,M001248,2025-10-22 09:50:51,1
T0004935,M001249,2025-07-03 11:14:39,
T0004935,M001250,2024-01-14 05:14:52,3
T0004935,M001251,2025-09-16 08:36:17,4
T0002470,M001252,2025-01-12 11:57:33,
T0003016,M001253,2024-03-09 04:08:27,1
T0000642,M001254,2024-09-22 01:51:21,1
T0000163,M001255,2024-12-20 07:29:51,1
T0003264,M001256,2025-01-29 07:03:24,1
T0000408,M001257,2025-03-13 00:52:24,1
T0000408,M001258,2025-09-10 08:59:12,2
T0001923,M001259,2024-07-05 20:49:46,1
T0001607,M001260,2025-04-28 03:20:17,1
T0001607,M001261,2024-05-06 10:12:27,2
T0001607,M001262,2025-10-01 14:16:46,3
T0001607,M001263,2025-07-04 12:44:32,4
T0003576,M001264,2024-03-30 16:49:39,1
T0003640,M001265,2024-10-01 17:52:38,1
T0003640,M001266,2024-01-28 11:35:15,2
T0003640,M001267,2025-08-31 03:15:29,3
T0003640,M001268,2024-04-05 10:43:20,4
T0003022,M001269,2025-08-13 21:06:18,1
T0000783,M001270,2025-07-11 00:49:32,1
T0003414,M001271,2025-02-02 16:59:07,1
T0000427,M001272,2024-08-18 11:29:40,1
T0000427,M001273,2025-01-07 06:27:48,2
T0000427,M001274,2024-09-18 23:13:46,3
T0000427,M001275,2024-09-06 19:24:54,
T0003654,M001276,2024-12-18 07:25:13,1
T0004527,M001277,2024-01-09 23:19:55,
T0000936,M001278,2024-01-18 11:49:01,1
T0000936,M001279,2025-11-26 01:00:54,2
T0000936,M001280,2024-04-27 13:22:31,3
T0000936,M001281,2025-11-19 21:34:25,4
T0003212,M001282,2024-05-21 20:26:16,1
T0001749,M001283,2025-08-31 12:56:00,1
T0001538,M001284,2024-12-28 11:53:15,1
T0004316,M001285,2024-03-12 20:14:10,1
T0004908,M001286,2024-03-10 03:53:41,1
T0003010,M001287,2025-09-06 18:11:39,1
T0003616,M001288,2025-11-01 01:08:19,1
T0004364,M001289,2024-09-18 12:32:58,1
T0003793,M001290,2024-09-07 14:42:07,1
T0002023,M001291,2024-04-24 08:00:34,
T0001082,M001292,2024-03-05 15:33:35,1
T0001082,M001293,2025-02-25 09:30:25,2
T0001082,M001294,2025-10-07 13:47:38,3
T0001082,M001295,2024-06-23 14:04:08,
T0001127,M001296,2023-12-07 19:14:04,
T0001127,M001297,2024-01-14 17:31:29,
T0001127,M001298,2024-08-07 02:50:15,3
T0001127,M001299,2024-10-11 13:09:42,4
T0001637,M001300,2025-03-17 13:20:34,1
T0003916,M001301,2024-01-11 17:48:03,1
T0001438,M001302,2024-03-25 17:56:49,1
T0003781,M001303,2025-08-29 19:14:06,1
T0003781,M001304,2024-03-04 02:43:58,2
T0004995,M001305,2024-04-18 17:56:11,
T0002696,M001306,2024-04-20 23:50:56,1
T0004052,M001307,2024-07-20 11:33:46,1
T0004052,M001308,2024-05-23 05:03:33,2
T0000929,M001309,2024-09-19 01:26:32,1
T0003801,M001310,2024-08-13 06:35:41,1
T0000068,M001311,2024-09-29 20:41:40,1
T0000068,M001312,2024-04-09 12:16:42,2
T0004220,M001313,2024-06-04 18:12:41,1
T0004220,M001314,2025-10-06 07:07:55,2
T0004220,M001315,2025-11-21 00:04:44,3
T0004220,M001316,2023-12-06 13:39:52,4
T0000013,M001317,2025-02-24 16:44:14,1
T0004638,M001318,2024-12-29 10:08:46,1
T0003174,M001319,2024-11-27 07:32:02,1
T0003174,M001320,2025-04-22 02:06:32,2
T0001948,M001321,2024-07-17 05:38:36,
T0001948,M001322,2024-12-12 06:42:14,2
T0001948,M001323,2025-07-02 03:34:40,3
T0003011,M001324,2024-04-01 14:13:16,1
T0004139,M001325,2024-10-23 06:23:46,
T0004139,M001326,2025-03-02 06:35:56,
T0004139,M001327,2025-03-03 18:29:44,3
T0004139,M001328,2024-08-16 11:59:35,
T0002442,M001329,2024-03-23 06:31:32,1
T0004969,M001330,2024-05-31 19:51:35,1
T0004969,M001331,2024-09-24 20:26:15,2
T0004085,M001332,2024-10-28 10:26:31,1
T0004085,M001333,2024-11-05 15:30:49,2
T0004085,M001334,2025-11-10 16:56:25,3
T0004085,M001335,2024-08-10 02:57:06,4
T0001236,M001336,2025-10-01 20:01:26,1
T0003862,M001337,2025-06-04 09:32:47,1
T0003862,M001338,2025-08-24 23:04:41,2
T0004235,M001339,2024-01-07 06:42:47,1
T0001224,M001340,2025-02-05 02:59:50,1
T0001224,M001341,2025-01-23 16:56:29,2
T0003599,M001342,2025-10-05 08:38:35,1
T0003599,M001343,2025-07-13 06:45:15,2
T0003599,M001344,2023-12-22 19:39:42,
T0003599,M001345,2024-05-26 18:22:40,
T0002915,M001346,2024-06-12 21:47:03,
T0002915,M001347,2024-02-02 05:37:26,2
T0002915,M001348,2024-08-04 00:14:36,3
T0002915,M001349,2023-12-19 06:22:18,4
T0001779,M001350,2025-09-21 14:45:36,1
T0000446,M001351,2024-02-02 21:30:57,1
T0000446,M001352,2024-08-04 09:47:19,
T0004822,M001353,2025-03-18 22:30:05,1
T0004822,M001354,2025-04-04 01:24:51,2
T0004822,M001355,2024-04-14 13:14:45,3
T0004822,M001356,2024-07-28 16:58:07,4
T0002640,M001357,2024-03-25 06:43:07,1
T0002640,M001358,2024-07-18 08:58:37,2
T0000576,M001359,2025-01-24 22:25:14,
T0001464,M001360,2024-01-29 14:51:03,1
T0003058,M001361,2025-07-27 18:14:50,1
T0003058,M001362,2024-12-31 12:59:27,2
T0004036,M001363,2024-12-31 20:33:01,1
T0003829,M001364,2025-11-23 12:53:58,1
T0000801,M001365,2024-11-12 12:33:26,1
T0001384,M001366,2025-03-24 18:10:56,1
T0001384,M001367,2024-05-12 21:14:25,2
T0001384,M001368,2024-12-26 04:27:13,3
T0004854,M001369,2024-05-10 09:26:39,1
T0001706,M001370,2025-03-17 12:37:17,
T0002732,M001371,2024-05-06 21:27:31,1
T0001155,M001372,2023-12-24 22:09:14,1
T0000006,M001373,2024-09-26 23:24:44,1
T0004792,M001374,2024-03-22 10:10:28,1
T0004844,M001375,2024-05-09 09:04:21,1
T0004790,M001376,2025-08-30 02:00:17,
T0004795,M001377,2024-03-15 07:03:10,1
T0003970,M001378,2024-08-19 02:41:42,
T0000673,M001379,2025-08-14 22:22:52,
T0000673,M001380,2024-08-14 17:39:19,2
T0000673,M001381,2025-05-08 20:12:53,3
T0001735,M001382,2025-05-02 23:46:32,1
T0001735,M001383,2024-08-02 14:31:42,
T0002576,M001384,2024-09-20 16:49:05,1
T0004378,M001385,2025-10-21 19:40:49,1
T0001491,M001386,2025-01-05 17:21:34,1
T0004433,M001387,2024-01-22 14:35:39,1
T0004433,M001388,2025-07-12 07:43:40,2
T0004989,M001389,2025-11-05 07:29:39,1
T0004980,M001390,2024-11-16 07:33:50,1
T0004980,M001391,2024-11-23 21:41:54,
T0004980,M001392,2024-11-27 03:40:23,3
T0004980,M001393,2025-06-05 13:25:40,4
T0003574,M001394,2024-03-13 16:55:18,
T0003056,M001395,2024-02-23 22:32:58,1
T0000806,M001396,2024-06-05 16:42:59,1
T0000806,M001397,2024-02-02 09:52:27,
T0000806,M001398,2025-04-13 01:03:38,3
T0000806,M001399,2025-05-01 07:34:31,4
T0003117,M001400,2024-09-21 18:03:43,1
T0002386,M001401,2024-01-14 01:20:35,1
T0002386,M001402,2025-04-01 15:33:13,
T0002386,M001403,2024-03-30 15:20:07,
T0002386,M001404,2024-10-14 20:20:07,4
T0001833,M001405,2023-12-23 04:32:03,1
T0001833,M001406,2024-02-08 17:28:25,2
T0001833,M001407,2025-05-15 12:31:55,3
T0001121,M001408,2025-05-01 02:15:03,
T0001553,M001409,2024-04-05 22:57:49,1
T0001553,M001410,2024-06-26 13:47:52,2
T0003567,M001411,2024-10-12 12:55:04,1
T0003567,M001412,2024-10-15 02:07:14,2
T0003567,M001413,2024-12-07 04:24:59,
T0003567,M001414,2024-06-11 06:39:32,4
T0001700,M001415,2025-11-02 01:07:45,1
T0000977,M001416,2024-10-01 14:29:39,1
T0002094,M001417,2024-12-17 00:23:44,1
T0002094,M001418,2024-06-20 03:10:20,2
T0002094,M001419,2025-03-16 04:43:27,3
T0002094,M001420,2024-06-03 01:56:56,
T0001774,M001421,2024-01-27 22:55:30,1
T0001774,M001422,2025-08-30 06:56:10,2
T0001774,M001423,2023-12-09 21:31:02,
T0001774,M001424,2024-06-13 08:17:37,4
T0000540,M001425,2024-01-26 18:09:48,
T0000540,M001426,2025-09-30 17:46:34,2
T0000540,M001427,2024-05-22 12:43:19,3
T0000540,M001428,2025-08-09 14:08:47,4
T0000729,M001429,2024-08-21 11:23:52,1
T0004466,M001430,2024-02-27 20:28:58,1
T0001745,M001431,2024-05-05 03:29:53,1
T0000055,M001432,2024-05-08 13:49:29,
T0000055,M001433,2025-04-07 23:59:21,2
T0000055,M001434,2025-04-06 11:29:10,3
T0000055,M001435,2024-02-09 00:16:01,4
T0000895,M001436,2025-03-12 04:43:30,1
T0000895,M001437,2024-04-13 07:33:34,2
T0000895,M001438,2025-06-16 13:41:49,3
T0000895,M001439,2024-10-19 17:33:56,4
T0004134,M001440,2025-10-23 07:45:49,1
T0004134,M001441,2025-01-09 17:02:39,2
T0000052,M001442,2025-02-28 12:11:59,1
T0000991,M001443,2024-05-18 04:21:10,1
T0000991,M001444,2024-09-26 15:58:14,
T0000991,M001445,2025-10-03 07:58:58,3
T0000178,M001446,2025-03-23 16:04:30,1
T0000178,M001447,2025-07-16 04:13:04,2
T0000178,M001448,2024-06-18 12:12:07,3
T0000178,M001449,2024-07-11 00:54:27,
T0002820,M001450,2024-02-27 15:01:07,1
T0004472,M001451,2024-12-13 01:00:56,1
T0002319,M001452,2024-09-23 00:20:49,
T0002319,M001453,2025-09-29 21:41:42,2
T0002694,M001454,2024-05-15 12:13:27,1
T0001920,M001455,2024-08-11 17:46:38,1
T0003136,M001456,2025-02-27 13:14:11,1
T0004086,M001457,2025-02-07 14:50:15,1
T0003708,M001458,2025-09-05 13:17:07,1
T0003708,M001459,2024-08-28 05:54:05,
T0003708,M001460,2024-08-09 10:12:46,3
T0003708,M001461,2025-03-12 00:55:26,
T0002156,M001462,2024-09-26 07:13:17,1
T0004647,M001463,2024-04-06 20:42:35,1
T0001061,M001464,2024-06-22 20:59:43,1
T0001061,M001465,2025-11-24 01:22:53,2
T0001061,M001466,2025-08-21 04:10:55,3
T0001061,M001467,2025-05-13 06:25:09,4
T0003679,M001468,2024-03-09 19:58:20,1
T0002591,M001469,2024-05-17 06:38:16,1
T0002591,M001470,2025-10-31 11:50:11,2
T0004931,M001471,2024-03-30 22:12:41,
T0004010,M001472,2024-04-19 10:57:23,
T0000819,M001473,2024-07-16 03:14:52,1
T0004383,M001474,2025-08-25 01:35:39,1
T0000916,M001475,2025-10-11 19:11:14,
T0002124,M001476,2024-01-01 16:39:28,1
T0002124,M001477,2024-07-12 12:32:12,
T0002124,M001478,2025-05-28 06:05:08,3
T0004185,M001479,2024-03-31 09:35:15,
T0004185,M001480,2024-01-23 19:00:16,
T0004126,M001481,2024-04-29 17:27:56,1
T0004126,M001482,2025-03-19 12:58:31,2
T0004956,M001483,2025-10-16 20:28:15,1
T0001960,M001484,2025-03-13 16:57:57,1
T0000695,M001485,2025-09-10 21:17:59,1
T0000695,M001486,2025-10-14 06:20:27,2
T0003437,M001487,2025-07-20 21:54:13,1
T0002828,M001488,2025-10-11 22:39:42,1
T0003517,M001489,2024-11-05 13:55:30,1
T0001088,M001490,2024-12-08 07:45:06,
T0001088,M001491,2024-07-15 14:42:21,2
T0001088,M001492,2024-06-26 17:09:05,
T0000029,M001493,2024-09-16 23:59:00,1
T0000029,M001494,2024-08-06 05:59:16,2
T0000029,M001495,2024-08-17 18:15:08,3
T0000029,M001496,2024-12-27 04:34:48,4
T0004898,M001497,2024-03-19 13:31:38,1
T0001210,M001498,2025-08-10 19:57:10,1
T0004317,M001499,2024-03-08 15:26:34,1
T0001227,M001500,2025-03-10 00:53:24,1
