TWEET,LOCATION,geo_tagged_at
T0003859,LOC0046,2024-07-25 19:27:50
T0004682,LOC0036,2025-03-31 00:45:49
T0002855,LOC0044,2025-04-13 09:24:59
T0004422,LOC0139,2024-03-28 02:43:21
T0000046,LOC0087,2024-07-04 23:09:56
T0004584,LOC0006,2025-04-23 08:38:20
T0001296,LOC0095,2025-01-02 07:21:22
T0001732,LOC0005,2024-05-07 22:30:32
T0001605,LOC0146,2024-08-27 14:57:24
T0003776,LOC0105,2024-06-12 14:30:21
T0000304,LOC0041,2025-11-27 16:26:30
T0003627,LOC0102,2023-12-05 22:22:59
T0003363,LOC0118,2025-03-04 09:22:20
T0003131,LOC0104,2025-03-22 00:17:53
T0002668,LOC0084,2023-12-14 23:30:02
T0000595,LOC0126,2024-08-26 11:49:39
T0002812,LOC0093,2025-08-11 14:51:43
T0000579,LOC0080,2023-12-20 14:14:05
T0001551,LOC0001,2025-05-02 04:55:45
T0004730,LOC0130,2024-08-26 21:21:51
T0001410,LOC0090,2025-09-01 07:37:17
T0001035,LOC0002,2024-06-22 03:50:38
T0000883,LOC0011,2025-10-01 16:39:58
T0003177,LOC0113,2025-10-21 13:29:54
T0001891,LOC0133,2025-01-31 12:21:47
T0000726,LOC0041,2024-12-01 14:15:35
T0000616,LOC0034,2025-09-08 02:43:32
T0001595,LOC0146,2025-07-13 18:56:22
T0001107,LOC0124,2024-12-01 08:41:45
T0000689,LOC0116,2024-07-15 10:31:45
T0003630,LOC0146,2024-12-29 04:00:23
T0003186,LOC0066,2024-01-13 22:38:54
T0000537,LOC0058,2025-11-02 13:37:03
T0004165,LOC0087,2024-04-22 12:49:02
T0002899,LOC0072,2025-09-06 21:27:02
T0000806,LOC0084,2025-08-06 20:52:34
T0003825,LOC0096,2024-11-02 07:59:50
T0004412,LOC0098,2024-07-12 17:49:17
T0001225,LOC0122,2025-11-17 02:32:10
T0004546,LOC0014,2025-07-02 00:20:33
T0002394,LOC0055,2024-09-21 02:43:58
T0004717,LOC0119,2025-03-03 09:20:56
T0002251,LOC0075,2024-11-05 19:46:13
T0004303,LOC0006,2024-02-01 10:09:04
T0002226,LOC0006,2024-02-21 10:09:01
T0000210,LOC0028,2025-11-07 17:56:12
T0004461,LOC0093,2025-04-21 12:11:03
T0000150,LOC0044,2024-04-02 08:19:09
T0000807,LOC0069,2024-09-20 05:17:53
T0003338,LOC0089,2024-10-30 05:49:22
T0002562,LOC0076,2024-11-15 22:32:10
T0002058,LOC0017,2025-05-02 00:58:23
T0002252,LOC0003,2025-11-06 12:22:24
T0000989,LOC0021,2025-09-13 14:43:40
T0003505,LOC0004,2024-03-30 09:03:10
T0004073,LOC0132,2024-02-27 21:06:44
T0000877,LOC0061,2025-05-26 17:57:54
T0004288,LOC0118,2023-12-15 01:37:00
T0002185,LOC0118,2025-02-13 09:21:28
T0002634,LOC0140,2025-04-04 17:10:45
T0002691,LOC0034,2025-05-14 08:25:21
T0004545,LOC0120,2025-05-17 00:26:30
T0002023,LOC0011,2025-08-04 04:47:01
T0000816,LOC0022,2024-03-03 15:34:14
T0004587,LOC0136,2025-07-11 09:33:50
T0002970,LOC0009,2025-04-18 14:56:07
T0001630,LOC0149,2024-08-10 09:18:35
T0000979,LOC0062,2025-08-31 16:15:07
T0003326,LOC0041,2025-06-20 19:08:53
T0003055,LOC0146,2025-08-11 08:54:14
T0003564,LOC0095,2025-01-03 06:23:32
T0004168,LOC0030,2024-03-09 14:27:13
T0004370,LOC0115,2024-04-14 06:33:50
T0000356,LOC0110,2025-05-14 11:05:42
T0003477,LOC0001,2025-03-21 10:04:07
T0002558,LOC0043,2024-10-12 11:56:14
T0002297,LOC0029,2024-11-01 05:21:26
T0004438,LOC0057,2025-04-30 17:18:23
T0003181,LOC0147,2025-12-01 19:15:11
T0004778,LOC0132,2025-10-17 10:52:10
T0004089,LOC0127,2024-10-28 14:47:30
T0001317,LOC0138,2025-06-19 07:25:38
T0000884,LOC0007,2025-02-21 10:36:00
T0000808,LOC0056,2025-06-02 04:37:42
T0000102,LOC0121,2025-08-24 18:10:26
T0003341,LOC0067,2025-03-19 22:55:21
T0003360,LOC0012,2024-05-04 20:22:25
T0003609,LOC0060,2024-09-20 04:54:11
T0004931,LOC0005,2024-09-17 14:23:18
T0001042,LOC0016,2025-07-27 18:14:49
T0002884,LOC0082,2025-11-09 14:56:28
T0004988,LOC0075,2024-03-08 14:26:54
T0002595,LOC0046,2024-11-13 19:27:08
T0000672,LOC0065,2024-08-03 17:42:10
T0002169,LOC0140,2024-01-06 03:44:44
T0001002,LOC0114,2024-09-25 04:13:27
T0004183,LOC0054,2024-10-08 23:46:08
T0002934,LOC0016,2024-12-11 03:39:26
T0002091,LOC0086,2024-11-08 18:46:36
T0003880,LOC0123,2024-06-20 11:35:39
T0001997,LOC0069,2025-02-26 09:29:39
T0001704,LOC0094,2024-09-19 02:00:19
T0000254,LOC0026,2025-05-20 21:10:58
T0001252,LOC0094,2024-09-07 03:36:49
T0002395,LOC0061,2024-03-27 19:15:59
T0002667,LOC0043,2024-10-06 18:17:53
T0001086,LOC0133,2025-10-16 17:24:57
T0002776,LOC0003,2024-08-01 12:23:53
T0002084,LOC0005,2025-04-08 00:29:06
T0003427,LOC0041,2025-04-15 02:11:23
T0004319,LOC0027,2024-07-23 21:24:26
T0004454,LOC0101,2025-05-07 23:55:07
T0003068,LOC0037,2024-10-15 21:31:46
T0003241,LOC0095,2025-08-11 02:43:32
T0002932,LOC0084,2024-05-04 15:06:22
T0003139,LOC0015,2024-04-09 20:34:03
T0001522,LOC0112,2025-04-07 12:11:29
T0004855,LOC0016,2024-10-09 02:48:32
T0003158,LOC0064,2024-07-17 18:28:10
T0001448,LOC0056,2025-08-17 00:56:00
T0002250,LOC0126,2025-02-07 19:45:52
T0002006,LOC0095,2024-09-29 20:14:42
T0003438,LOC0118,2025-05-23 11:18:44
T0004721,LOC0022,2023-12-09 19:40:57
T0000225,LOC0145,2025-08-21 18:29:17
T0003844,LOC0018,2025-09-06 13:26:15
T0003311,LOC0105,2025-06-15 14:57:02
T0004383,LOC0007,2025-07-16 09:31:23
T0001654,LOC0096,2024-09-18 15:07:38
T0001973,LOC0124,2024-01-25 09:58:20
T0001951,LOC0128,2024-11-08 13:46:57
T0002281,LOC0056,2025-09-12 17:43:45
T0003597,LOC0150,2025-08-02 21:12:49
T0003655,LOC0004,2025-02-11 22:17:24
T0004786,LOC0101,2023-12-18 21:21:02
T0001726,LOC0061,2025-10-20 22:14:41
T0000590,LOC0092,2025-07-20 09:20:54
T0004203,LOC0109,2024-09-27 07:24:31
T0001624,LOC0055,2025-09-15 20:48:25
T0001421,LOC0113,2024-10-12 20:38:10
T0001152,LOC0144,2025-10-18 12:26:50
T0002794,LOC0127,2025-02-25 21:43:32
T0004228,LOC0057,2025-10-19 11:03:23
T0000330,LOC0054,2025-03-03 19:51:45
T0000208,LOC0050,2024-12-04 16:23:27
T0002791,LOC0009,2024-09-13 13:14:40
T0004457,LOC0038,2025-02-28 18:35:06
T0003367,LOC0014,2024-01-02 12:43:08
T0001840,LOC0031,2025-02-17 05:26:26
T0003267,LOC0143,2025-06-21 23:01:38
T0002459,LOC0105,2025-05-05 11:26:10
T0001795,LOC0074,2025-11-13 12:33:01
T0002914,LOC0008,2024-04-30 20:03:02
T0002380,LOC0051,2025-02-24 14:13:11
T0003805,LOC0032,2025-06-18 09:03:34
T0004927,LOC0010,2025-02-24 17:03:38
T0003593,LOC0081,2024-02-21 01:49:07
T0000451,LOC0028,2025-07-25 09:43:56
T0003718,LOC0113,2024-04-02 01:34:37
T0002149,LOC0076,2024-11-27 21:17:15
T0002904,LOC0094,2025-09-15 10:09:52
T0004450,LOC0032,2025-09-04 04:51:40
T0001916,LOC0144,2025-01-28 18:02:13
T0001532,LOC0053,2025-07-11 12:54:12
T0002457,LOC0140,2024-10-09 06:09:07
T0002416,LOC0046,2024-01-09 18:30:45
T0003660,LOC0032,2024-09-29 16:41:50
T0000849,LOC0117,2025-08-17 01:59:18
T0004484,LOC0120,2024-04-27 15:50:29
T0000698,LOC0055,2024-05-10 12:56:39
T0003570,LOC0029,2024-12-04 05:48:05
T0002602,LOC0084,2025-01-08 00:46:06
T0003903,LOC0011,2023-12-27 14:28:48
T0004740,LOC0111,2024-09-11 15:21:26
T0000525,LOC0097,2024-08-08 13:14:18
T0002527,LOC0104,2024-12-17 04:02:04
T0003828,LOC0085,2024-03-25 04:42:43
T0003866,LOC0133,2024-12-01 23:43:54
T0000066,LOC0024,2024-08-13 20:08:52
T0001438,LOC0084,2024-01-07 06:27:03
T0001310,LOC0023,2024-01-16 15:47:54
T0003573,LOC0062,2024-03-26 13:55:44
T0002987,LOC0110,2025-05-10 12:03:05
T0004241,LOC0075,2024-07-17 08:02:10
T0000740,LOC0010,2024-03-17 08:55:01
T0002095,LOC0120,2024-09-27 08:26:11
T0002680,LOC0145,2024-05-18 00:25:37
T0001417,LOC0057,2025-10-17 02:49:07
T0001383,LOC0104,2025-06-18 09:59:22
T0001273,LOC0133,2024-09-17 16:47:12
T0002980,LOC0022,2025-04-23 14:35:25
T0001472,LOC0047,2023-12-23 22:24:28
T0004014,LOC0120,2024-11-12 06:27:53
T0003669,LOC0030,2024-02-10 13:59:02
T0002129,LOC0073,2025-07-05 22:39:44
T0004142,LOC0104,2024-12-03 06:55:48
T0002937,LOC0089,2025-11-29 10:20:02
T0004824,LOC0006,2025-09-13 03:32:31
T0002715,LOC0134,2024-06-02 12:34:48
T0001429,LOC0089,2025-05-13 23:58:27
T0001714,LOC0025,2025-04-13 16:09:58
T0002814,LOC0105,2024-06-18 03:36:24
T0000893,LOC0066,2024-05-27 19:12:58
T0004952,LOC0117,2025-07-27 04:04:35
T0002143,LOC0114,2025-09-14 12:44:22
T0002599,LOC0042,2025-06-08 21:07:44
T0004116,LOC0019,2025-09-17 23:56:31
T0004117,LOC0006,2024-06-17 19:11:19
T0003138,LOC0060,2025-04-23 10:27:52
T0000011,LOC0093,2024-02-12 10:35:12
T0003344,LOC0031,2023-12-12 11:14:23
T0000994,LOC0126,2025-09-12 11:18:34
T0000368,LOC0131,2025-08-15 18:36:59
T0002779,LOC0016,2024-05-06 23:35:50
T0004614,LOC0025,2025-01-07 17:48:23
T0000438,LOC0110,2024-08-18 10:57:40
T0004005,LOC0060,2025-06-20 19:52:02
T0001677,LOC0081,2024-09-21 03:29:48
T0002134,LOC0018,2025-02-19 21:45:33
T0001523,LOC0123,2024-07-17 23:12:21
T0000517,LOC0109,2025-03-16 15:19:24
T0002218,LOC0058,2024-03-04 10:06:24
T0000891,LOC0149,2025-11-10 20:13:19
T0000917,LOC0027,2023-12-24 17:55:06
T0003499,LOC0036,2025-08-27 15:41:44
T0004868,LOC0143,2024-06-16 00:51:59
T0001297,LOC0101,2024-11-17 20:42:47
T0001177,LOC0107,2024-08-06 00:16:40
T0003475,LOC0138,2025-01-09 07:17:12
T0004033,LOC0070,2024-03-13 17:48:13
T0004367,LOC0076,2024-05-26 22:25:19
T0001530,LOC0119,2024-03-13 18:47:09
T0002774,LOC0090,2025-07-22 00:01:53
T0000936,LOC0147,2024-07-14 06:28:57
T0002389,LOC0097,2025-02-14 21:02:10
T0000085,LOC0101,2024-02-02 07:09:33
T0001457,LOC0140,2024-05-23 20:50:24
T0002764,LOC0083,2025-03-28 08:39:33
T0003901,LOC0135,2024-09-21 18:02:46
T0001986,LOC0090,2024-08-14 11:45:13
T0002204,LOC0052,2025-10-23 13:50:30
T0002657,LOC0061,2025-11-24 14:24:34
T0003988,LOC0064,2024-03-06 21:59:27
T0002807,LOC0016,2024-05-11 17:53:34
T0003792,LOC0110,2024-11-06 20:56:51
T0000593,LOC0118,2024-07-10 18:09:09
T0003774,LOC0007,2025-05-10 13:04:02
T0002783,LOC0046,2025-05-17 03:13:51
T0000818,LOC0010,2024-01-10 09:34:17
T0001065,LOC0046,2024-11-29 06:44:45
T0000164,LOC0129,2025-05-22 13:16:44
T0000649,LOC0104,2024-02-22 14:18:53
T0000403,LOC0003,2024-09-05 01:41:01
T0001183,LOC0059,2025-10-23 23:25:35
T0001549,LOC0076,2024-01-26 13:57:54
T0004518,LOC0050,2025-04-01 10:17:50
T0003479,LOC0103,2025-11-08 12:42:43
T0000224,LOC0039,2024-01-07 02:26:08
T0002542,LOC0008,2024-08-01 04:22:03
T0001803,LOC0011,2025-03-08 15:57:36
T0001419,LOC0074,2025-11-18 18:42:35
T0002704,LOC0072,2025-04-02 16:38:04
T0000274,LOC0143,2024-06-24 04:24:02
T0003005,LOC0090,2025-08-08 13:19:04
T0004880,LOC0115,2024-12-14 16:33:12
T0000156,LOC0100,2024-11-19 03:55:15
T0001776,LOC0142,2023-12-17 02:02:22
T0000264,LOC0018,2025-04-01 11:59:17
T0004126,LOC0031,2024-10-06 19:33:16
T0003839,LOC0081,2025-06-26 11:59:39
T0002063,LOC0022,2024-05-21 09:01:10
T0002638,LOC0150,2025-07-20 11:37:04
T0003926,LOC0098,2025-01-14 20:53:59
T0004843,LOC0009,2024-10-14 19:49:27
T0001573,LOC0025,2025-09-24 09:54:57
T0003347,LOC0083,2025-07-06 06:34:07
T0001564,LOC0042,2025-08-24 01:38:15
T0001471,LOC0022,2023-12-28 05:41:41
T0004759,LOC0044,2025-02-11 17:14:38
T0004121,LOC0047,2024-06-26 21:26:27
T0003074,LOC0050,2024-07-03 07:39:10
T0003053,LOC0054,2025-07-29 08:57:39
T0003662,LOC0149,2024-06-15 01:14:17
T0002286,LOC0006,2025-07-14 05:41:25
T0002954,LOC0113,2025-03-05 18:20:01
T0000843,LOC0119,2024-01-20 19:23:04
T0002541,LOC0111,2025-11-05 17:05:31
T0001136,LOC0088,2024-05-23 00:22:17
T0001923,LOC0045,2025-08-09 12:54:23
T0003737,LOC0038,2025-05-13 10:03:43
T0001635,LOC0038,2025-06-24 12:15:12
T0003936,LOC0147,2024-07-01 14:21:47
T0000789,LOC0080,2025-06-12 00:14:20
T0002859,LOC0079,2025-06-05 02:25:14
T0000870,LOC0105,2025-10-07 03:14:31
T0001886,LOC0118,2024-02-10 13:09:54
T0000794,LOC0077,2025-10-09 13:03:57
T0001925,LOC0061,2024-05-29 04:36:14
T0000026,LOC0054,2025-02-10 06:09:52
T0002041,LOC0135,2025-04-09 22:56:54
T0002509,LOC0023,2025-05-25 10:19:14
T0002355,LOC0138,2025-05-01 06:26:58
T0003634,LOC0143,2024-10-22 13:47:53
T0003667,LOC0090,2024-10-05 12:01:40
T0000148,LOC0064,2024-09-17 15:13:01
T0001645,LOC0150,2024-12-31 20:00:39
T0004722,LOC0109,2024-07-24 17:37:21
T0002403,LOC0106,2024-08-01 08:50:14
T0002004,LOC0002,2024-11-18 12:27:42
T0000899,LOC0006,2024-02-18 15:55:44
T0000453,LOC0038,2025-05-10 07:20:33
T0001815,LOC0112,2024-06-25 02:07:34
T0002341,LOC0050,2024-10-16 15:29:06
T0003783,LOC0128,2025-05-14 05:33:52
T0002586,LOC0004,2024-07-03 21:26:19
T0003645,LOC0130,2025-02-09 03:51:52
T0003121,LOC0084,2025-02-19 03:23:47
T0000713,LOC0145,2024-01-11 13:28:15
T0002645,LOC0142,2024-09-01 02:02:39
T0000271,LOC0020,2024-03-23 22:50:37
T0001608,LOC0067,2025-08-06 03:29:27
T0003913,LOC0150,2024-12-27 23:19:41
T0003182,LOC0095,2025-01-30 01:27:53
T0003119,LOC0031,2024-11-30 03:00:53
T0003434,LOC0045,2024-06-01 01:07:10
T0001329,LOC0019,2024-12-13 08:19:51
T0004026,LOC0078,2024-08-18 23:34:18
T0000337,LOC0097,2025-05-27 16:09:19
T0001034,LOC0014,2024-04-29 06:11:41
T0004917,LOC0021,2024-09-10 14:45:39
T0004941,LOC0046,2024-04-28 09:27:35
T0000906,LOC0074,2024-01-01 06:34:08
T0001991,LOC0097,2024-07-29 08:10:19
T0002520,LOC0102,2025-10-28 01:20:24
T0000014,LOC0005,2025-11-29 19:44:08
T0004810,LOC0105,2025-10-14 08:04:13
T0000715,LOC0027,2025-03-04 06:07:23
T0002215,LOC0061,2024-07-09 20:57:14
T0004820,LOC0058,2025-04-24 10:24:24
T0002374,LOC0107,2025-03-18 07:10:09
T0001129,LOC0046,2025-05-02 22:54:14
T0002569,LOC0020,2024-12-30 02:58:44
T0004065,LOC0011,2025-04-04 15:44:14
T0002357,LOC0135,2025-07-11 21:35:20
T0003703,LOC0056,2025-07-20 11:52:55
T0001206,LOC0054,2024-11-20 02:02:15
T0003111,LOC0140,2024-06-14 13:38:04
T0000161,LOC0108,2025-08-05 04:56:04
T0003013,LOC0085,2025-10-09 17:01:44
T0001787,LOC0105,2025-01-27 09:27:43
T0001545,LOC0093,2024-11-19 23:11:22
T0004252,LOC0094,2025-04-08 01:03:25
T0000938,LOC0086,2024-01-06 03:05:32
T0002731,LOC0056,2025-06-10 21:34:17
T0004397,LOC0007,2024-06-14 13:16:27
T0002868,LOC0036,2024-01-08 03:56:52
T0002235,LOC0089,2024-10-01 01:24:38
T0004877,LOC0148,2024-01-11 01:18:43
T0003939,LOC0121,2025-10-05 07:32:55
T0002100,LOC0041,2024-04-08 19:39:46
T0004933,LOC0114,2024-11-01 01:01:12
T0002650,LOC0126,2024-01-28 23:46:27
T0000998,LOC0060,2025-08-27 18:03:34
T0003090,LOC0078,2025-06-14 16:32:28
T0000626,LOC0148,2025-03-24 11:17:09
T0002172,LOC0066,2024-07-01 15:45:13
T0001404,LOC0101,2025-10-10 09:15:51
T0001103,LOC0035,2024-03-28 07:48:51
T0001586,LOC0005,2024-07-03 21:01:32
T0002327,LOC0096,2024-11-25 21:32:10
T0002664,LOC0032,2025-04-12 22:51:35
T0003815,LOC0128,2024-08-28 10:36:42
T0003722,LOC0101,2025-07-10 06:36:02
T0002182,LOC0020,2024-10-15 17:26:30
T0003308,LOC0109,2025-07-17 07:25:33
T0002064,LOC0084,2025-08-29 19:16:04
T0001974,LOC0003,2024-11-07 08:11:19
T0002388,LOC0146,2025-10-25 18:13:15
T0001265,LOC0124,2024-06-27 05:08:11
T0001659,LOC0005,2025-02-11 21:26:07
T0002008,LOC0143,2025-09-20 04:07:47
T0003168,LOC0086,2025-02-15 10:09:39
T0003596,LOC0091,2025-01-07 01:48:56
T0003891,LOC0004,2025-05-05 12:36:39
T0000141,LOC0147,2025-02-23 22:41:46
T0004857,LOC0019,2024-07-14 03:22:07
T0004603,LOC0077,2024-02-11 01:40:43
T0001560,LOC0128,2024-04-15 10:55:20
T0002470,LOC0088,2024-09-16 16:31:16
T0002103,LOC0039,2024-01-04 02:54:57
T0002188,LOC0055,2025-07-14 06:38:06
T0001083,LOC0027,2025-05-28 06:20:58
T0002068,LOC0119,2025-07-31 22:04:39
T0001889,LOC0143,2025-10-02 09:38:44
T0001170,LOC0059,2025-06-13 09:46:34
T0001813,LOC0098,2024-09-28 04:03:40
T0003077,LOC0006,2025-04-15 11:00:18
T0001084,LOC0099,2025-06-12 03:15:09
T0002029,LOC0007,2025-02-16 23:15:04
T0004893,LOC0149,2025-09-22 14:16:51
T0000049,LOC0039,2025-01-24 20:47:38
T0004791,LOC0060,2025-07-12 23:29:57
T0001131,LOC0135,2024-11-28 08:57:10
T0000632,LOC0006,2024-08-16 00:29:06
T0001060,LOC0146,2024-09-22 19:59:17
T0000258,LOC0029,2024-10-07 11:25:07
T0004363,LOC0018,2024-07-21 13:28:22
T0002662,LOC0080,2025-08-17 11:56:11
T0003465,LOC0063,2025-04-04 00:32:23
T0003164,LOC0074,2025-10-21 19:00:48
T0000443,LOC0044,2024-02-23 08:12:54
T0000530,LOC0062,2024-05-29 01:48:20
T0001418,LOC0004,2024-03-20 07:26:55
T0000067,LOC0023,2025-07-31 21:49:34
T0003214,LOC0103,2024-11-27 00:00:38
T0003847,LOC0057,2024-08-29 16:31:53
T0002830,LOC0089,2025-02-02 06:47:53
T0000916,LOC0133,2025-05-25 02:24:15
T0000175,LOC0007,2025-11-29 23:06:50
T0004080,LOC0150,2024-08-25 18:46:20
T0003925,LOC0067,2025-03-11 03:22:56
T0001072,LOC0009,2024-01-04 21:36:36
T0002398,LOC0081,2024-01-14 01:47:47
T0002552,LOC0073,2024-07-17 08:28:04
T0004588,LOC0114,2024-10-30 04:16:43
T0002989,LOC0022,2024-06-14 03:18:39
T0001830,LOC0143,2024-05-22 16:04:52
T0003812,LOC0050,2024-06-14 23:49:28
T0003636,LOC0048,2025-09-21 01:53:37
T0000576,LOC0104,2024-08-03 00:30:43
T0003296,LOC0128,2025-11-27 08:34:21
T0004605,LOC0119,2024-11-14 04:29:18
T0002229,LOC0029,2024-12-15 07:59:35
T0004817,LOC0134,2024-03-10 19:36:44
T0003970,LOC0053,2024-07-20 08:50:57
T0002089,LOC0071,2025-05-16 17:35:58
T0004544,LOC0147,2025-09-20 13:48:42
T0002795,LOC0019,2025-08-03 21:39:13
T0002758,LOC0149,2024-02-22 20:44:14
T0003188,LOC0011,2025-04-05 03:45:18
T0004785,LOC0060,2024-08-26 20:38:43
T0000346,LOC0104,2024-02-25 22:23:08
T0004159,LOC0024,2025-03-08 16:15:28
T0002465,LOC0058,2025-01-28 04:11:41
T0000272,LOC0113,2024-03-05 00:42:52
T0004784,LOC0002,2023-12-30 05:55:34
T0000588,LOC0029,2025-01-14 19:58:05
T0003089,LOC0003,2023-12-22 21:47:25
T0001071,LOC0021,2024-06-15 09:48:13
T0004979,LOC0059,2025-07-25 23:39:59
T0004906,LOC0017,2024-08-14 13:44:35
T0003689,LOC0091,2025-01-05 21:48:28
T0003680,LOC0149,2025-07-20 15:53:00
T0003684,LOC0098,2025-09-06 22:54:58
T0003991,LOC0003,2025-08-25 01:55:40
T0000331,LOC0064,2024-03-09 15:53:34
T0003857,LOC0092,2025-10-31 08:45:35
T0000764,LOC0027,2025-01-11 00:46:30
T0003385,LOC0140,2025-11-19 11:46:22
T0001365,LOC0100,2024-09-03 08:30:19
T0004050,LOC0096,2024-08-22 14:20:49
T0003527,LOC0011,2025-07-17 03:55:15
T0004236,LOC0116,2024-10-18 13:48:22
T0002464,LOC0096,2025-08-09 05:34:26
T0004149,LOC0008,2024-02-18 15:44:17
T0003677,LOC0150,2024-01-12 06:56:28
T0001134,LOC0147,2024-03-10 12:10:26
T0002533,LOC0104,2024-01-17 17:11:25
T0002636,LOC0017,2025-01-07 13:25:31
T0001981,LOC0124,2025-08-17 13:44:22
T0004055,LOC0008,2024-11-16 03:09:31
T0001583,LOC0022,2024-06-08 16:00:08
T0003492,LOC0122,2025-03-28 06:13:09
T0001402,LOC0043,2025-10-21 20:08:49
T0003335,LOC0012,2024-05-11 13:57:43
T0001641,LOC0075,2024-10-03 07:09:47
T0004811,LOC0094,2025-11-06 20:28:35
T0003754,LOC0050,2024-10-05 11:18:58
T0003210,LOC0089,2025-10-18 03:54:46
T0001094,LOC0004,2025-02-02 03:22:44
T0003522,LOC0091,2023-12-08 10:08:27
T0002120,LOC0097,2025-11-10 20:38:44
T0004712,LOC0145,2024-12-15 14:38:54
T0001729,LOC0015,2024-05-18 17:15:33
T0004101,LOC0142,2025-05-01 02:42:13
T0003582,LOC0033,2025-10-04 08:24:23
T0002512,LOC0143,2025-09-25 08:27:13
T0001202,LOC0023,2024-11-14 02:24:32
T0001550,LOC0041,2025-06-29 14:16:43
T0003992,LOC0001,2023-12-24 00:05:00
T0003228,LOC0055,2024-01-24 03:15:13
T0002671,LOC0005,2025-09-09 11:40:49
T0000856,LOC0106,2025-04-06 00:52:54
T0000088,LOC0016,2024-02-07 00:35:52
T0004538,LOC0003,2025-08-18 19:51:12
T0001228,LOC0086,2024-10-07 02:00:19
T0001717,LOC0103,2024-08-09 17:14:43
T0004262,LOC0068,2025-07-22 06:06:39
T0003651,LOC0025,2025-06-14 11:31:31
T0001801,LOC0051,2024-09-14 14:45:57
T0000394,LOC0090,2024-05-05 19:04:16
T0004873,LOC0123,2025-02-19 17:56:06
T0004102,LOC0047,2024-12-05 12:28:13
T0001309,LOC0078,2024-07-24 03:58:19
T0003523,LOC0093,2024-02-07 07:52:32
T0001126,LOC0145,2024-10-09 14:06:53
T0004360,LOC0124,2025-04-20 09:45:42
T0002030,LOC0123,2025-01-08 20:24:02
T0004206,LOC0139,2024-07-08 04:38:01
T0002367,LOC0068,2024-11-19 06:41:54
T0000738,LOC0127,2024-02-21 14:37:19
T0003886,LOC0069,2025-11-17 17:38:31
T0004051,LOC0147,2025-04-22 09:04:18
T0000194,LOC0070,2025-11-21 02:08:45
T0003640,LOC0115,2025-02-06 17:50:37
T0003464,LOC0047,2024-12-18 06:52:13
T0003409,LOC0112,2025-08-06 12:14:16
T0002317,LOC0141,2024-11-25 17:51:00
T0001308,LOC0041,2025-05-16 12:34:09
T0000198,LOC0039,2024-01-29 20:42:40
T0000795,LOC0082,2024-06-27 17:58:30
T0003745,LOC0078,2023-12-04 08:38:05
T0002644,LOC0041,2025-05-02 10:17:18
T0004650,LOC0100,2024-10-29 13:26:01
T0004753,LOC0112,2025-09-14 09:15:09
T0002482,LOC0052,2025-03-20 03:29:09
T0000796,LOC0018,2025-07-25 13:43:44
T0001524,LOC0078,2024-12-28 20:00:46
T0004806,LOC0023,2025-02-23 06:29:22
T0001207,LOC0079,2025-05-15 13:43:04
T0000785,LOC0145,2025-05-16 03:19:06
T0000575,LOC0050,2024-11-03 22:22:42
T0000222,LOC0134,2025-07-02 19:40:27
T0001355,LOC0102,2024-08-11 12:47:46
T0000767,LOC0135,2025-01-11 23:48:52
T0004723,LOC0014,2025-11-13 07:14:27
T0000476,LOC0122,2025-06-01 11:58:07
T0002097,LOC0110,2025-04-25 21:36:22
T0000459,LOC0065,2024-01-26 01:59:36
T0003890,LOC0113,2024-01-30 20:05:36
T0004720,LOC0060,2024-06-06 14:59:26
T0004692,LOC0097,2024-05-29 08:46:14
T0001508,LOC0121,2023-12-10 21:21:05
T0001048,LOC0119,2024-11-29 14:50:11
T0004763,LOC0101,2023-12-23 04:27:11
T0001757,LOC0003,2024-03-29 19:02:11
T0001707,LOC0082,2025-03-24 15:13:19
T0000628,LOC0019,2025-08-04 17:51:41
T0002241,LOC0134,2025-05-05 17:15:37
T0000774,LOC0058,2024-08-12 07:10:29
T0000690,LOC0103,2025-06-09 00:19:55
T0003328,LOC0106,2025-10-26 00:20:03
T0004428,LOC0119,2024-09-21 11:40:38
T0004291,LOC0100,2024-04-01 07:38:40
T0003543,LOC0104,2025-06-13 16:54:33
T0002486,LOC0142,2025-02-13 03:42:57
T0003185,LOC0075,2024-01-17 11:27:49
T0001127,LOC0136,2024-11-26 21:38:33
T0001875,LOC0134,2024-03-04 08:26:01
T0002115,LOC0104,2025-04-19 10:14:57
T0001298,LOC0103,2025-05-28 04:07:42
T0000996,LOC0119,2025-05-15 06:11:37
T0001853,LOC0086,2023-12-26 21:32:00
T0002175,LOC0053,2025-01-29 03:50:39
T0004580,LOC0119,2024-09-20 17:41:40
T0000064,LOC0041,2024-04-30 12:16:30
T0002887,LOC0095,2024-07-26 20:39:36
T0004128,LOC0105,2024-10-20 01:04:05
T0002688,LOC0083,2025-11-02 18:40:37
T0003355,LOC0035,2025-04-27 07:15:47
T0004061,LOC0081,2025-02-27 17:30:01
T0001475,LOC0072,2025-11-11 01:59:25
T0004670,LOC0103,2024-03-26 09:02:34
T0000552,LOC0036,2024-12-17 18:39:59
T0004316,LOC0093,2025-05-25 02:07:56
T0004597,LOC0090,2024-09-10 17:20:21
T0003569,LOC0096,2025-06-03 10:15:41
T0000419,LOC0150,2023-12-10 19:56:18
T0001276,LOC0150,2024-12-17 21:32:35
T0004844,LOC0027,2024-03-08 16:32:21
T0003432,LOC0040,2025-06-26 08:28:03
T0002577,LOC0026,2024-01-26 18:51:09
T0000335,LOC0034,2025-08-31 22:59:25
T0001174,LOC0094,2025-01-15 04:00:13
T0003740,LOC0116,2025-02-09 07:02:38
T0004676,LOC0149,2024-03-03 10:45:33
T0003080,LOC0082,2025-02-08 01:00:37
T0002646,LOC0058,2024-10-06 00:45:14
T0004822,LOC0074,2024-05-07 12:45:44
T0001171,LOC0032,2024-10-08 03:14:30
T0004751,LOC0005,2025-10-20 03:36:30
T0004414,LOC0148,2024-10-02 20:02:42
T0001041,LOC0092,2025-10-09 06:20:29
T0002027,LOC0110,2024-04-21 02:12:28
T0002820,LOC0031,2025-09-01 14:08:37
T0002427,LOC0071,2024-09-25 10:50:38
T0002193,LOC0004,2025-10-21 19:30:14
T0004057,LOC0043,2024-01-08 19:18:26
T0003340,LOC0113,2024-10-29 16:57:57
T0004840,LOC0137,2025-04-22 23:37:48
T0002993,LOC0041,2024-09-20 21:10:58
T0000054,LOC0051,2025-06-06 05:54:04
T0002315,LOC0093,2024-05-14 20:51:52
T0004881,LOC0069,2025-07-21 11:41:19
T0002187,LOC0112,2025-10-29 05:04:58
T0001439,LOC0116,2025-04-13 00:37:59
T0003818,LOC0062,2025-03-28 08:55:28
T0001409,LOC0118,2025-01-06 18:03:07
T0000474,LOC0083,2025-04-21 08:02:40
T0001344,LOC0148,2024-03-14 07:23:25
T0002583,LOC0011,2025-11-26 15:41:40
T0003949,LOC0027,2025-01-19 14:55:17
T0000811,LOC0091,2024-03-31 15:43:11
T0001811,LOC0132,2025-09-07 10:54:35
T0001684,LOC0148,2024-10-18 05:26:28
T0000445,LOC0064,2025-07-19 01:02:19
T0001256,LOC0083,2025-05-07 22:58:32
T0000691,LOC0050,2025-08-12 19:21:27
T0000934,LOC0139,2025-10-30 07:19:45
T0003206,LOC0033,2024-05-05 09:10:57
T0002466,LOC0120,2024-03-22 09:14:58
T0002909,LOC0033,2024-05-12 16:00:28
T0002601,LOC0008,2025-07-04 12:07:40
T0001719,LOC0133,2025-07-23 18:57:25
T0002535,LOC0058,2024-11-14 18:02:04
T0000146,LOC0146,2025-07-06 13:10:51
T0002950,LOC0023,2024-02-09 10:02:50
T0002574,LOC0150,2024-04-06 11:33:54
T0000902,LOC0115,2025-04-16 09:32:58
T0002211,LOC0045,2025-10-15 05:25:57
T0003266,LOC0006,2024-04-16 02:51:09
T0003102,LOC0127,2025-01-16 03:33:15
T0003802,LOC0078,2024-04-22 14:58:03
T0001789,LOC0073,2025-01-22 03:35:40
T0000427,LOC0104,2025-07-17 02:23:40
T0004509,LOC0050,2025-08-05 18:37:06
T0001189,LOC0116,2024-04-12 07:26:55
T0004497,LOC0087,2025-03-14 18:40:15
T0002148,LOC0112,2024-05-14 14:34:57
T0000392,LOC0136,2025-04-07 21:14:43
T0004839,LOC0047,2025-05-06 13:07:45
T0003128,LOC0080,2024-07-15 09:55:11
T0001747,LOC0065,2024-04-12 04:45:02
T0003824,LOC0091,2024-01-07 10:15:03
T0002869,LOC0056,2024-03-22 12:11:16
T0000671,LOC0043,2025-03-16 07:22:25
T0003574,LOC0063,2024-03-06 02:25:39
T0001460,LOC0111,2024-01-23 12:11:09
T0000612,LOC0121,2024-08-24 01:12:27
T0000407,LOC0004,2024-10-30 11:46:24
T0002716,LOC0080,2025-01-26 12:39:52
T0004541,LOC0062,2024-06-28 18:06:43
T0003709,LOC0068,2024-05-15 10:44:48
T0000319,LOC0145,2024-04-16 16:05:41
T0003388,LOC0120,2025-01-01 05:50:07
T0000997,LOC0092,2024-03-13 18:58:49
T0003739,LOC0082,2025-02-26 19:27:47
T0004323,LOC0070,2023-12-13 20:45:22
T0000604,LOC0125,2025-03-18 04:39:16
T0000680,LOC0107,2024-01-07 00:10:33
T0000650,LOC0110,2025-04-12 09:06:54
T0002502,LOC0112,2025-10-11 02:50:26
T0004049,LOC0039,2025-10-04 22:01:22
T0000463,LOC0105,2025-07-02 14:59:38
T0003771,LOC0044,2025-08-05 09:39:34
T0003800,LOC0043,2024-03-01 10:39:53
T0001727,LOC0066,2024-05-11 22:37:48
T0000191,LOC0049,2025-10-06 17:42:02
T0002186,LOC0012,2025-10-24 21:46:36
T0001118,LOC0132,2025-11-30 12:11:22
T0001148,LOC0008,2023-12-26 14:01:32
T0003148,LOC0051,2025-09-06 06:46:38
T0003861,LOC0020,2025-03-26 23:36:31
T0004398,LOC0062,2023-12-09 23:54:48
T0002991,LOC0047,2024-11-20 19:32:47
T0004556,LOC0045,2025-03-20 11:13:04
T0004924,LOC0048,2025-08-18 22:28:28
T0001851,LOC0065,2025-09-26 01:04:16
T0004309,LOC0024,2024-12-25 16:09:43
T0000180,LOC0042,2024-12-27 04:37:59
T0002737,LOC0065,2023-12-26 19:41:14
T0000282,LOC0119,2023-12-31 06:50:23
T0001987,LOC0021,2025-02-15 09:35:31
T0000015,LOC0094,2025-09-24 09:00:47
T0003895,LOC0039,2024-12-26 00:40:11
T0003497,LOC0127,2024-11-16 16:22:20
T0003613,LOC0025,2025-06-24 05:15:15
T0000040,LOC0137,2025-01-08 14:05:12
T0001416,LOC0044,2024-12-18 19:44:45
T0001972,LOC0087,2025-07-17 04:27:15
T0003571,LOC0010,2024-04-07 00:00:55
T0000964,LOC0100,2025-06-20 02:29:08
T0003790,LOC0005,2024-10-02 05:00:41
T0004774,LOC0087,2025-06-09 21:42:42
T0001752,LOC0104,2025-02-11 16:04:09
T0002727,LOC0040,2024-12-29 12:53:47
T0001217,LOC0085,2024-02-21 05:36:54
T0000076,LOC0026,2024-02-22 09:29:12
T0002497,LOC0123,2025-08-14 06:57:59
T0002546,LOC0002,2025-08-01 22:02:47
T0000458,LOC0059,2023-12-31 17:26:31
T0001279,LOC0086,2024-06-10 20:52:19
T0001839,LOC0126,2025-06-15 16:42:02
T0002641,LOC0125,2025-03-18 08:32:27
T0003321,LOC0061,2025-08-10 11:31:15
T0001903,LOC0122,2025-07-18 12:17:21
T0001015,LOC0063,2025-07-14 10:36:17
T0004003,LOC0025,2024-01-16 14:33:18
T0004167,LOC0142,2025-06-02 18:47:40
T0002272,LOC0128,2023-12-06 20:06:30
T0001766,LOC0045,2025-03-29 22:07:23
T0001600,LOC0046,2024-08-17 12:47:00
T0001115,LOC0126,2024-10-17 08:18:16
T0002661,LOC0027,2023-12-10 14:32:21
T0002440,LOC0089,2025-09-03 15:15:42
T0001343,LOC0099,2023-12-20 12:58:53
T0003865,LOC0096,2025-01-29 08:56:20
T0003566,LOC0096,2024-12-20 17:24:20
T0000291,LOC0046,2024-11-18 20:27:57
T0000070,LOC0082,2025-04-20 23:38:51
T0004043,LOC0141,2025-05-14 01:46:56
T0001788,LOC0093,2024-04-12 11:14:22
T0001089,LOC0105,2024-06-07 03:38:29
T0004267,LOC0080,2025-04-09 00:47:50
T0001865,LOC0106,2025-07-19 20:05:55
T0000278,LOC0019,2024-03-16 21:33:18
T0003528,LOC0124,2024-04-01 02:12:12
T0004273,LOC0132,2025-02-27 05:38:20
T0000477,LOC0009,2024-12-04 08:58:29
T0001470,LOC0024,2025-07-20 10:41:09
T0004259,LOC0020,2024-11-18 06:41:26
T0004870,LOC0099,2024-02-20 04:53:43
T0001235,LOC0085,2025-05-26 18:36:12
T0001389,LOC0007,2025-09-05 15:32:28
T0003145,LOC0066,2025-06-29 23:33:59
T0001636,LOC0012,2024-12-06 02:25:10
T0004071,LOC0048,2023-12-25 17:25:57
T0003439,LOC0088,2025-01-01 10:46:16
T0003951,LOC0083,2025-03-05 21:53:16
T0004626,LOC0005,2025-02-24 23:01:38
T0003098,LOC0089,2024-09-21 04:16:44
T0003969,LOC0075,2024-04-18 17:10:19
T0003679,LOC0132,2024-07-28 13:25:41
T0003024,LOC0030,2025-06-08 17:09:30
T0001870,LOC0111,2025-08-09 22:28:57
T0002245,LOC0100,2025-11-01 05:10:02
T0002046,LOC0041,2023-12-21 01:29:13
T0003854,LOC0074,2025-02-02 22:30:18
T0004677,LOC0022,2024-04-10 11:55:11
T0001374,LOC0018,2024-05-04 08:21:08
T0001604,LOC0077,2025-01-12 06:14:30
T0000327,LOC0090,2024-01-23 18:12:11
T0001324,LOC0045,2024-08-26 13:28:51
T0000320,LOC0116,2025-11-27 11:10:39
T0004145,LOC0097,2024-09-05 05:55:17
T0004543,LOC0022,2024-03-05 22:05:39
T0000287,LOC0128,2024-09-30 19:04:34
T0003066,LOC0036,2024-06-14 10:53:36
T0003572,LOC0102,2025-03-27 23:00:23
T0003247,LOC0107,2024-04-25 06:23:44
T0001037,LOC0037,2025-11-30 21:32:42
T0001079,LOC0023,2024-01-12 06:38:36
T0000239,LOC0041,2025-10-27 16:45:18
T0001649,LOC0047,2025-06-02 22:58:05
T0001243,LOC0009,2024-06-09 19:50:26
T0003557,LOC0016,2024-06-11 13:43:54
T0002411,LOC0008,2025-01-09 05:21:24
T0003542,LOC0004,2025-08-29 12:07:14
T0002475,LOC0146,2025-09-16 19:25:57
T0004572,LOC0072,2024-05-17 00:33:47
T0004685,LOC0117,2023-12-06 22:00:14
T0002406,LOC0078,2025-05-14 07:01:59
T0001744,LOC0033,2025-06-13 04:42:20
T0001023,LOC0029,2024-01-18 08:49:38
T0003433,LOC0049,2025-08-26 22:19:13
T0001120,LOC0052,2024-04-25 15:41:33
T0004423,LOC0082,2025-10-11 10:12:46
T0000436,LOC0085,2025-03-28 14:02:22
T0004728,LOC0073,2025-01-18 23:58:02
T0000540,LOC0123,2025-02-05 12:06:04
T0001697,LOC0060,2024-03-28 10:42:10
T0000074,LOC0037,2024-01-29 10:21:10
T0003555,LOC0144,2024-06-28 08:05:34
T0000624,LOC0083,2024-07-01 09:55:32
T0004270,LOC0117,2024-09-16 11:06:07
T0000744,LOC0041,2024-02-08 02:38:44
T0001008,LOC0055,2024-01-09 20:21:44
T0002184,LOC0106,2025-03-20 14:41:51
T0000348,LOC0139,2024-02-03 06:23:33
T0002283,LOC0069,2024-07-17 08:58:35
T0004483,LOC0013,2025-11-09 01:38:03
T0001947,LOC0024,2025-03-15 10:14:52
T0004297,LOC0010,2025-08-18 13:13:07
T0003845,LOC0040,2025-01-17 03:03:03
T0000572,LOC0102,2024-06-08 00:11:24
T0000373,LOC0049,2025-11-02 10:36:15
T0001864,LOC0061,2025-06-24 12:26:01
T0003281,LOC0063,2024-09-30 15:12:21
T0003899,LOC0084,2025-06-11 22:06:42
T0002106,LOC0050,2024-02-16 19:47:09
T0003399,LOC0002,2024-09-01 01:56:58
T0004342,LOC0147,2024-10-06 14:39:00
T0001691,LOC0062,2024-11-15 10:41:13
T0001238,LOC0116,2024-01-27 08:07:48
T0001117,LOC0106,2025-10-07 02:04:26
T0002158,LOC0123,2025-11-18 04:57:11
T0001182,LOC0076,2025-10-21 06:56:01
T0000491,LOC0055,2024-05-22 11:40:03
T0004161,LOC0133,2024-12-14 01:02:50
T0000819,LOC0070,2024-10-14 01:54:50
T0004886,LOC0116,2024-04-30 18:58:25
T0000703,LOC0045,2024-03-27 19:36:24
T0002276,LOC0131,2024-08-31 11:02:17
T0002931,LOC0047,2024-06-20 13:53:07
T0002631,LOC0128,2025-08-22 04:47:24
T0001950,LOC0066,2025-08-19 12:30:05
T0000747,LOC0123,2024-04-14 03:31:15
T0004938,LOC0031,2024-05-24 06:08:38
T0001062,LOC0024,2025-10-30 16:54:50
T0003015,LOC0127,2024-11-25 22:00:57
T0000008,LOC0131,2024-09-09 14:02:24
T0000433,LOC0046,2024-06-13 04:59:28
T0000435,LOC0139,2024-03-01 01:42:51
T0002738,LOC0134,2024-10-02 06:27:06
T0002906,LOC0085,2025-03-10 01:20:51
T0001820,LOC0081,2025-05-03 17:24:16
T0004425,LOC0127,2025-01-01 13:36:02
T0004869,LOC0013,2024-03-05 12:36:07
T0003459,LOC0058,2024-08-24 23:34:52
T0001571,LOC0087,2025-08-12 11:54:38
T0000250,LOC0064,2024-02-03 04:18:14
T0000882,LOC0139,2024-08-02 16:56:03
T0003937,LOC0073,2025-07-23 03:54:59
T0001799,LOC0103,2025-09-27 16:19:06
T0003929,LOC0042,2024-02-07 21:50:54
T0002170,LOC0060,2024-01-04 15:52:13
T0004391,LOC0132,2023-12-06 09:25:57
T0001643,LOC0071,2025-03-16 15:26:25
T0001336,LOC0102,2024-01-14 08:51:25
T0001024,LOC0026,2025-09-19 08:34:10
T0002432,LOC0045,2024-12-13 01:19:26
T0004615,LOC0045,2024-10-02 20:47:53
T0003078,LOC0013,2024-12-08 16:47:32
T0002593,LOC0055,2025-08-12 08:02:06
T0000962,LOC0104,2025-03-01 07:11:21
T0001412,LOC0018,2024-05-13 13:31:20
T0002711,LOC0012,2025-11-15 13:55:33
T0001163,LOC0095,2025-02-20 01:26:22
T0004260,LOC0031,2025-06-04 23:07:14
T0000762,LOC0112,2025-10-17 16:59:40
T0000688,LOC0040,2025-08-04 04:46:42
T0003183,LOC0148,2025-01-11 21:35:38
T0004482,LOC0120,2024-08-24 09:50:36
T0001779,LOC0094,2024-11-06 06:54:21
T0004694,LOC0107,2025-06-10 15:23:42
T0000378,LOC0064,2025-11-30 00:57:07
T0003838,LOC0067,2024-01-08 15:34:57
T0003578,LOC0007,2024-05-29 08:49:13
T0002057,LOC0127,2024-02-11 21:00:28
T0001100,LOC0062,2025-09-24 09:37:36
T0004661,LOC0106,2024-11-27 20:38:44
T0003823,LOC0099,2025-10-30 22:49:41
T0002719,LOC0125,2025-01-27 05:31:04
T0003120,LOC0005,2025-11-15 22:46:45
T0001521,LOC0123,2024-12-03 03:32:24
T0001954,LOC0058,2025-03-11 05:39:53
T0003370,LOC0119,2024-08-03 13:54:35
T0003115,LOC0076,2024-09-02 22:10:00
T0000615,LOC0010,2025-01-09 19:01:59
T0002818,LOC0033,2025-03-30 12:43:56
T0001589,LOC0106,2024-09-24 21:00:48
T0000446,LOC0098,2025-02-24 15:34:23
T0001162,LOC0026,2024-10-16 02:37:56
T0001975,LOC0023,2025-09-11 14:32:27
T0000904,LOC0058,2025-09-07 15:01:42
T0000509,LOC0108,2025-10-27 03:13:26
T0001482,LOC0039,2025-03-01 07:53:29
T0000541,LOC0102,2024-12-29 02:35:16
T0000452,LOC0085,2025-03-05 21:49:40
T0000751,LOC0024,2025-08-25 18:09:31
T0000033,LOC0108,2024-02-18 22:21:37
T0000824,LOC0112,2025-08-02 00:08:20
T0000283,LOC0130,2024-12-17 03:51:54
T0003320,LOC0116,2024-08-12 10:50:00
T0002563,LOC0105,2025-06-08 04:58:03
T0001315,LOC0037,2025-04-19 03:43:42
T0002815,LOC0065,2025-03-20 19:07:50
T0000103,LOC0083,2025-10-30 14:42:20
T0001426,LOC0032,2025-03-22 10:04:53
T0001943,LOC0015,2025-06-24 01:50:04
T0002856,LOC0142,2024-12-05 15:40:11
T0004527,LOC0121,2025-06-01 18:09:02
T0000976,LOC0048,2025-04-03 22:21:31
T0004371,LOC0088,2024-09-16 08:24:11
T0002323,LOC0102,2025-06-14 00:08:31
T0000184,LOC0023,2024-03-14 00:44:57
T0003746,LOC0039,2024-05-19 17:01:57
T0004578,LOC0075,2025-07-02 09:00:57
T0003696,LOC0095,2024-11-19 10:57:35
T0004274,LOC0073,2025-08-21 07:34:18
T0001678,LOC0023,2024-06-15 14:14:13
T0000769,LOC0068,2025-05-03 15:03:45
T0000946,LOC0086,2025-04-29 00:59:47
T0003736,LOC0113,2024-10-03 00:32:54
T0003445,LOC0034,2024-02-02 11:18:43
T0002966,LOC0119,2025-09-24 02:03:59
T0000776,LOC0003,2025-07-21 20:59:43
T0002067,LOC0013,2024-01-10 01:23:11
T0000444,LOC0014,2024-03-05 18:42:49
T0003199,LOC0077,2024-09-11 03:59:25
T0001897,LOC0032,2024-12-22 23:43:49
T0000284,LOC0055,2023-12-09 04:48:33
T0004680,LOC0015,2024-06-27 14:08:47
T0003581,LOC0091,2025-04-19 21:53:32
T0003665,LOC0071,2024-08-16 02:42:00
T0001921,LOC0128,2025-07-05 22:32:21
T0001517,LOC0113,2024-08-10 19:14:57
T0000249,LOC0045,2024-12-11 09:08:46
T0002113,LOC0136,2024-08-25 11:02:48
T0001977,LOC0096,2025-05-31 12:00:10
T0003678,LOC0070,2025-03-09 00:56:27
T0003350,LOC0090,2025-11-15 12:12:17
T0001330,LOC0012,2024-09-01 06:28:15
T0004020,LOC0053,2025-08-05 09:25:27
T0002555,LOC0018,2025-04-20 13:49:22
T0004419,LOC0082,2024-04-06 17:13:56
T0003907,LOC0105,2024-04-06 17:08:40
T0004536,LOC0131,2024-07-11 01:06:18
T0000986,LOC0101,2025-11-23 17:53:34
T0002974,LOC0078,2025-11-28 06:38:58
T0002534,LOC0003,2023-12-10 06:07:19
T0003110,LOC0001,2025-04-24 15:04:20
T0000790,LOC0109,2024-01-02 09:07:00
T0001769,LOC0071,2025-03-07 16:53:47
T0004111,LOC0041,2024-05-30 18:00:50
T0001887,LOC0093,2025-10-19 07:09:31
T0003490,LOC0129,2024-09-30 19:25:30
T0001908,LOC0003,2023-12-14 23:27:21
T0004967,LOC0127,2024-01-05 19:56:40
T0001959,LOC0003,2025-01-11 01:44:46
T0002674,LOC0150,2024-12-06 14:40:08
T0001233,LOC0083,2025-05-25 04:16:45
T0000155,LOC0093,2025-03-02 00:26:33
T0002498,LOC0097,2024-08-07 12:34:54
T0002319,LOC0124,2025-11-29 01:30:04
T0000570,LOC0038,2024-05-02 23:40:31
T0004330,LOC0049,2025-02-19 08:01:46
T0000305,LOC0126,2024-09-27 05:54:49
T0003146,LOC0095,2025-07-26 15:34:37
T0004100,LOC0149,2024-01-03 12:33:44
T0004408,LOC0063,2025-01-28 20:46:26
T0001941,LOC0113,2024-10-22 09:59:17
T0003546,LOC0007,2025-11-30 14:31:41
T0001984,LOC0042,2024-01-22 17:38:03
T0002589,LOC0040,2024-11-26 19:11:14
T0000718,LOC0028,2025-05-05 08:17:49
T0000912,LOC0117,2025-09-17 10:12:10
T0004550,LOC0116,2025-01-22 23:06:30
T0000761,LOC0086,2024-08-04 00:32:42
T0001020,LOC0146,2025-08-22 11:16:14
T0002491,LOC0031,2024-12-03 16:58:51
T0004402,LOC0128,2025-10-30 08:48:39
T0000311,LOC0022,2024-04-16 03:56:03
T0000487,LOC0095,2025-08-08 01:19:56
T0003756,LOC0065,2024-05-04 17:40:22
T0003605,LOC0017,2025-09-23 22:55:07
T0004529,LOC0049,2025-07-24 22:15:08
T0000192,LOC0077,2025-09-14 23:27:03
T0003928,LOC0088,2025-05-19 19:46:55
T0000037,LOC0066,2024-05-10 08:40:48
T0001852,LOC0006,2025-09-03 17:54:49
T0004199,LOC0119,2025-10-08 22:56:57
T0004777,LOC0085,2024-07-02 14:52:17
T0003269,LOC0140,2025-05-29 08:55:11
T0001671,LOC0106,2023-12-27 23:54:06
T0004164,LOC0129,2024-01-05 11:12:41
T0001631,LOC0105,2025-05-21 14:32:08
T0001381,LOC0050,2024-05-08 03:37:10
T0004956,LOC0053,2025-04-30 23:49:26
T0004703,LOC0144,2024-10-11 06:54:01
T0001018,LOC0147,2024-06-24 12:04:18
T0004987,LOC0072,2025-10-14 10:45:35
T0004581,LOC0088,2024-03-22 13:45:26
T0002982,LOC0080,2024-12-29 01:53:20
T0000029,LOC0040,2024-06-02 00:11:20
T0004378,LOC0095,2024-09-20 19:59:14
T0003421,LOC0144,2025-09-12 14:14:02
T0003483,LOC0112,2025-05-31 18:20:29
T0004966,LOC0095,2024-05-14 00:42:29
T0003002,LOC0065,2025-03-13 10:53:49
T0003726,LOC0025,2024-09-18 04:40:25
T0002596,LOC0118,2024-02-18 01:14:48
T0003753,LOC0149,2025-01-22 08:27:41
T0001191,LOC0133,2024-10-03 23:22:33
T0000564,LOC0028,2025-06-21 21:35:27
T0000238,LOC0143,2025-10-22 19:00:47
T0002761,LOC0004,2025-08-12 10:46:22
T0003096,LOC0072,2025-11-26 05:59:49
T0001458,LOC0030,2025-01-24 03:50:20
T0003974,LOC0150,2025-10-01 01:24:16
T0004748,LOC0007,2025-07-03 00:16:57
T0004349,LOC0045,2024-03-24 17:10:51
T0003172,LOC0054,2024-05-03 18:19:32
T0002846,LOC0106,2025-11-22 07:52:21
T0002895,LOC0136,2024-02-04 04:58:04
T0000464,LOC0059,2024-05-18 04:03:16
T0001709,LOC0044,2025-09-03 17:59:27
T0002137,LOC0019,2025-10-11 15:36:55
T0003544,LOC0117,2024-11-01 03:30:23
T0002483,LOC0004,2025-03-02 01:12:59
T0001520,LOC0117,2024-12-14 09:37:59
T0003108,LOC0109,2024-09-19 04:56:21
T0000219,LOC0087,2025-11-02 13:55:10
T0000617,LOC0057,2025-05-18 19:53:40
T0001263,LOC0042,2025-09-04 00:55:44
T0000651,LOC0074,2025-09-21 13:17:56
T0003114,LOC0063,2025-11-15 17:33:06
T0000771,LOC0014,2024-12-02 20:38:20
T0000207,LOC0131,2024-05-06 19:39:34
T0000211,LOC0028,2024-04-22 23:36:10
T0002617,LOC0096,2024-01-25 12:36:12
T0000379,LOC0017,2024-03-21 01:37:27
T0003375,LOC0121,2024-01-11 12:26:25
T0002750,LOC0080,2025-06-21 02:21:32
T0002788,LOC0063,2025-10-17 14:13:43
T0004915,LOC0052,2025-11-13 09:05:31
T0000583,LOC0016,2025-01-27 04:54:19
T0002685,LOC0084,2024-01-09 20:18:47
T0000875,LOC0127,2025-05-01 21:39:10
T0000472,LOC0078,2025-11-24 21:38:07
T0004725,LOC0107,2024-04-10 21:41:01
T0002565,LOC0023,2024-10-22 03:31:08
T0000772,LOC0130,2024-10-06 07:43:28
T0003366,LOC0130,2025-08-15 20:18:17
T0002383,LOC0037,2025-04-10 05:32:43
T0000375,LOC0026,2025-11-12 20:23:36
T0002649,LOC0023,2025-07-17 17:11:50
T0000647,LOC0097,2025-08-01 14:32:46
T0004453,LOC0094,2025-04-14 13:20:51
T0004830,LOC0066,2025-11-12 05:01:09
T0000467,LOC0055,2025-09-03 21:34:27
T0001446,LOC0122,2025-09-08 16:01:08
T0001540,LOC0016,2025-02-09 03:37:59
T0003618,LOC0039,2024-01-13 08:32:08
T0001993,LOC0075,2024-11-25 20:34:31
T0003071,LOC0066,2025-04-13 09:00:29
T0004268,LOC0024,2024-04-12 18:00:22
T0002647,LOC0010,2024-08-30 06:50:48
T0002082,LOC0067,2024-01-08 00:07:51
T0000618,LOC0028,2025-10-31 08:54:26
T0003965,LOC0033,2025-04-07 12:32:37
T0003346,LOC0081,2025-05-11 18:57:14
T0003658,LOC0084,2025-07-05 17:00:58
T0000861,LOC0112,2025-08-23 23:48:58
T0003304,LOC0109,2025-09-08 12:50:31
T0003358,LOC0027,2024-01-17 16:47:14
T0000090,LOC0006,2025-10-05 19:37:28
T0004467,LOC0144,2024-05-14 16:39:50
T0002519,LOC0098,2025-11-25 18:36:02
T0002025,LOC0027,2025-02-25 18:27:24
T0000005,LOC0045,2024-07-19 22:53:13
T0001619,LOC0040,2024-07-27 18:10:51
T0001565,LOC0098,2025-04-07 13:46:41
T0001080,LOC0014,2024-06-14 03:31:23
T0000531,LOC0018,2024-07-19 18:16:45
T0002277,LOC0121,2024-01-27 23:20:49
T0002918,LOC0064,2024-08-21 05:37:19
T0002191,LOC0133,2024-08-30 23:01:34
T0002083,LOC0087,2025-05-28 21:57:49
T0004910,LOC0149,2025-11-08 20:43:29
T0002368,LOC0065,2025-07-21 00:02:14
T0002455,LOC0132,2025-10-31 07:53:52
T0000139,LOC0148,2025-09-06 22:41:14
T0000097,LOC0093,2024-10-11 07:08:49
T0002660,LOC0007,2024-01-05 03:47:41
T0003478,LOC0055,2025-01-29 19:15:45
T0003909,LOC0111,2024-01-23 06:00:31
T0001529,LOC0120,2025-09-03 23:13:18
T0003834,LOC0069,2024-05-31 05:17:45
T0004023,LOC0028,2024-08-23 01:12:21
T0000057,LOC0097,2024-10-28 01:10:12
T0000692,LOC0127,2025-10-28 09:01:13
T0003382,LOC0122,2025-07-04 02:53:32
T0004951,LOC0021,2024-08-20 17:05:33
T0004455,LOC0001,2024-03-01 22:03:23
T0000028,LOC0095,2024-05-27 09:58:14
T0002744,LOC0116,2024-01-26 17:33:02
T0004756,LOC0131,2023-12-20 06:43:20
T0004488,LOC0057,2024-12-08 07:11:06
T0004211,LOC0147,2025-10-26 02:25:56
T0001515,LOC0127,2024-11-11 01:49:59
T0001990,LOC0100,2024-03-26 10:08:55
T0001291,LOC0115,2025-11-16 01:17:40
T0001753,LOC0016,2024-08-03 12:37:24
T0000168,LOC0143,2025-01-10 08:43:23
T0002786,LOC0103,2024-04-09 06:37:35
T0001562,LOC0105,2025-09-02 04:08:02
T0003387,LOC0070,2024-02-22 18:41:00
T0004577,LOC0137,2025-10-25 04:13:55
T0004959,LOC0106,2025-05-02 02:33:35
T0004972,LOC0035,2024-11-19 06:37:46
T0000898,LOC0138,2025-01-30 09:43:53
T0000125,LOC0049,2025-10-16 22:56:51
T0001013,LOC0110,2025-05-03 15:17:53
T0003073,LOC0004,2024-10-11 02:52:32
T0004231,LOC0066,2024-11-17 04:12:35
T0001685,LOC0112,2024-08-31 11:22:50
T0002707,LOC0118,2025-09-11 21:09:48
T0001193,LOC0084,2024-03-04 04:33:50
T0003482,LOC0143,2023-12-19 20:40:58
T0002777,LOC0028,2025-10-18 02:19:35
T0000367,LOC0034,2024-09-29 21:31:23
T0003775,LOC0035,2025-01-14 21:12:43
T0001481,LOC0050,2025-01-18 02:45:26
T0004663,LOC0086,2025-03-13 07:37:59
T0003062,LOC0093,2024-01-20 17:05:21
T0003230,LOC0015,2025-09-15 21:34:35
T0002255,LOC0067,2025-12-01 10:41:08
T0002335,LOC0081,2024-06-12 23:37:55
T0001758,LOC0036,2025-10-12 01:22:43
T0004764,LOC0014,2024-08-20 09:58:13
T0003826,LOC0027,2025-06-26 15:42:53
T0000707,LOC0118,2024-05-11 07:23:42
T0000752,LOC0134,2025-03-18 03:08:28
T0003545,LOC0099,2024-01-26 17:23:25
T0004608,LOC0028,2025-04-24 02:40:18
T0004971,LOC0042,2024-05-21 11:40:10
T0004355,LOC0142,2024-11-29 17:59:58
T0000800,LOC0021,2023-12-28 03:50:04
T0003892,LOC0090,2025-05-06 16:39:11
T0000779,LOC0109,2024-07-27 06:51:21
T0001780,LOC0068,2024-06-30 18:44:57
T0003530,LOC0150,2024-11-12 02:34:02
T0003919,LOC0113,2024-10-19 14:34:18
T0004575,LOC0028,2024-11-11 19:52:31
T0002417,LOC0062,2025-08-08 16:59:58
T0000810,LOC0059,2024-07-24 19:06:26
T0001007,LOC0103,2024-10-19 08:47:54
T0001591,LOC0125,2024-04-22 09:40:56
T0002926,LOC0142,2024-08-11 12:30:05
T0001819,LOC0126,2024-05-28 07:03:30
T0003420,LOC0113,2025-06-28 01:09:55
T0002081,LOC0072,2025-02-21 21:50:10
T0000857,LOC0027,2024-02-11 08:50:56
T0002877,LOC0016,2025-02-16 13:11:53
T0003287,LOC0063,2024-10-08 12:04:30
T0003448,LOC0145,2024-08-18 05:35:51
T0003784,LOC0119,2025-08-28 09:02:42
T0002653,LOC0097,2025-06-18 10:42:17
T0002826,LOC0043,2025-10-02 09:26:57
T0003876,LOC0066,2025-07-05 10:33:01
T0001142,LOC0086,2024-09-08 05:30:54
T0000187,LOC0131,2024-01-13 02:09:00
T0000114,LOC0051,2025-08-30 05:29:56
T0003075,LOC0147,2024-07-28 05:31:45
T0003777,LOC0066,2025-06-19 15:09:06
T0000721,LOC0143,2025-07-07 16:28:59
T0001415,LOC0044,2024-04-19 21:30:22
T0003283,LOC0052,2023-12-26 23:04:44
T0001963,LOC0086,2024-09-10 01:26:58
T0003930,LOC0115,2024-05-21 05:43:03
T0002798,LOC0037,2025-06-22 06:31:55
T0004208,LOC0015,2025-03-11 00:15:26
T0002713,LOC0023,2025-09-28 20:26:47
T0000218,LOC0141,2023-12-08 08:56:50
T0003116,LOC0023,2024-03-12 16:21:03
T0001161,LOC0029,2025-03-10 13:02:17
T0004502,LOC0133,2024-04-03 17:22:36
T0000461,LOC0110,2024-03-09 23:06:10
T0003023,LOC0038,2024-04-18 22:54:03
T0000993,LOC0023,2024-12-15 20:28:57
T0002021,LOC0077,2023-12-07 09:18:27
T0003619,LOC0106,2024-05-09 01:36:37
T0003196,LOC0143,2025-02-10 01:43:26
T0002146,LOC0042,2025-10-08 01:46:22
T0004981,LOC0143,2025-05-10 20:26:01
T0004093,LOC0103,2024-03-25 22:43:02
T0004229,LOC0081,2024-01-19 04:08:20
T0004232,LOC0032,2025-03-09 01:40:58
T0001090,LOC0099,2024-10-14 09:02:08
T0000980,LOC0018,2024-11-21 15:44:18
T0002730,LOC0130,2024-06-05 18:30:26
T0002908,LOC0146,2025-05-16 17:16:28
T0002702,LOC0079,2024-11-02 18:59:06
T0000696,LOC0073,2025-06-24 16:48:58
T0003406,LOC0123,2024-05-02 20:27:39
T0004562,LOC0075,2024-01-08 07:08:28
T0001180,LOC0103,2024-12-15 07:40:18
T0003856,LOC0128,2024-07-16 18:43:49
T0002676,LOC0115,2025-06-29 04:52:56
T0001130,LOC0124,2025-03-05 16:55:00
T0000318,LOC0128,2025-02-26 04:45:16
T0000887,LOC0104,2024-02-21 07:08:48
T0004415,LOC0051,2025-02-09 10:21:11
T0001175,LOC0150,2025-07-12 03:55:19
T0003706,LOC0139,2025-06-01 08:54:58
T0002410,LOC0130,2024-12-28 10:26:44
T0000667,LOC0138,2024-11-18 10:40:54
T0003009,LOC0111,2024-02-03 08:02:40
T0001087,LOC0121,2024-03-08 07:16:29
T0002843,LOC0030,2025-05-29 17:58:33
T0001109,LOC0084,2024-03-31 02:56:11
T0004200,LOC0139,2024-09-01 00:26:10
T0004744,LOC0072,2025-06-11 01:58:35
T0004169,LOC0107,2024-04-30 23:59:22
T0001848,LOC0027,2025-06-30 18:46:58
T0002178,LOC0124,2025-09-21 09:55:10
T0000846,LOC0089,2023-12-23 12:30:55
T0002202,LOC0030,2025-11-21 14:39:07
T0001313,LOC0122,2025-03-29 17:34:41
T0002568,LOC0048,2025-02-28 07:36:01
T0002216,LOC0104,2025-01-29 12:17:08
T0003400,LOC0118,2025-10-13 04:00:09
T0002119,LOC0015,2025-05-29 16:53:13
T0003419,LOC0083,2024-09-13 16:38:48
T0001554,LOC0016,2024-01-03 05:10:11
T0002209,LOC0050,2024-06-14 06:34:52
T0001208,LOC0130,2025-02-24 11:21:35
T0000231,LOC0071,2025-09-25 09:48:34
T0000596,LOC0042,2025-01-09 15:26:14
T0000265,LOC0136,2025-04-02 12:58:09
T0001066,LOC0079,2023-12-13 18:04:51
T0003532,LOC0086,2025-05-29 14:05:35
T0004405,LOC0003,2025-06-16 09:13:48
T0002862,LOC0104,2025-02-22 12:11:00
T0001828,LOC0087,2024-10-25 01:46:46
T0003656,LOC0100,2025-08-09 18:13:45
T0003791,LOC0044,2023-12-14 22:33:29
T0004351,LOC0062,2025-08-28 21:53:15
T0004926,LOC0044,2024-09-03 10:15:31
T0002732,LOC0031,2024-03-03 03:34:17
T0002851,LOC0051,2024-08-08 23:26:20
T0000483,LOC0118,2024-07-26 15:49:33
T0001764,LOC0086,2025-09-17 22:11:13
T0000152,LOC0094,2024-12-13 08:40:38
T0002275,LOC0135,2025-04-03 13:06:49
T0004458,LOC0090,2024-01-31 06:09:45
T0000600,LOC0051,2025-08-02 06:15:07
T0002342,LOC0095,2024-04-18 00:25:57
T0000039,LOC0114,2024-05-09 03:20:45
T0001880,LOC0129,2023-12-22 11:57:04
T0002819,LOC0063,2024-10-19 06:50:35
T0003948,LOC0102,2025-05-02 21:36:18
T0000813,LOC0087,2024-12-29 21:06:13
T0003169,LOC0029,2025-04-24 12:54:42
T0002264,LOC0116,2024-01-26 03:11:32
T0000456,LOC0073,2025-03-02 17:11:59
T0004939,LOC0043,2025-09-13 18:27:08
T0003255,LOC0145,2024-12-20 00:53:57
T0004542,LOC0105,2025-09-06 06:35:11
T0001748,LOC0139,2025-11-13 13:41:15
T0000566,LOC0104,2025-06-02 13:31:29
T0002845,LOC0062,2025-08-12 03:59:37
T0004356,LOC0082,2025-05-29 14:59:58
T0002575,LOC0071,2025-10-07 11:01:43
T0000766,LOC0005,2025-07-23 02:38:18
T0004757,LOC0045,2025-03-10 03:51:13
T0000398,LOC0088,2025-10-28 22:51:02
T0001634,LOC0140,2025-03-27 21:49:54
T0002316,LOC0103,2024-06-14 06:18:21
T0003967,LOC0054,2024-08-06 00:16:04
T0004929,LOC0100,2025-02-24 01:25:43
T0001962,LOC0048,2024-07-04 23:05:30
T0002345,LOC0147,2024-04-26 13:41:28
T0003603,LOC0070,2025-08-06 03:39:42
T0002268,LOC0137,2025-02-17 08:44:42
T0000408,LOC0086,2024-10-13 05:05:08
T0002321,LOC0110,2025-11-05 20:37:47
T0002214,LOC0040,2024-02-13 04:03:55
T0003538,LOC0129,2024-05-14 12:09:45
T0001014,LOC0079,2024-11-09 12:36:27
T0001699,LOC0033,2025-01-26 07:17:12
T0000024,LOC0109,2024-02-01 09:00:12
T0003130,LOC0004,2024-09-30 15:40:58
T0001337,LOC0033,2025-06-10 14:52:14
T0004940,LOC0073,2024-07-10 16:08:50
T0001900,LOC0096,2024-06-12 10:32:14
T0003935,LOC0002,2024-03-26 17:45:29
T0003912,LOC0026,2024-11-01 10:18:43
T0004594,LOC0065,2024-09-12 11:26:42
T0003688,LOC0085,2025-05-05 15:28:40
T0002267,LOC0009,2024-07-02 11:51:22
T0000341,LOC0001,2024-10-19 13:10:27
T0004571,LOC0119,2025-10-28 23:15:53
T0001178,LOC0042,2024-10-16 05:33:52
T0002832,LOC0138,2025-05-04 01:53:43
T0002385,LOC0113,2024-03-22 01:22:10
T0003945,LOC0057,2024-02-29 15:52:17
T0000404,LOC0093,2025-02-11 23:13:04
T0000641,LOC0129,2025-09-28 09:29:13
T0001646,LOC0065,2024-09-04 10:55:30
T0002500,LOC0116,2025-04-10 07:40:40
T0002287,LOC0106,2024-09-14 11:56:25
T0002607,LOC0099,2023-12-17 05:13:29
T0004548,LOC0147,2024-09-08 19:52:00
T0002042,LOC0112,2025-01-01 23:57:07
T0004487,LOC0089,2024-04-04 03:57:22
T0003282,LOC0122,2025-02-01 10:56:11
T0004015,LOC0147,2024-07-12 20:14:10
T0003294,LOC0018,2025-02-28 22:56:16
T0003379,LOC0106,2023-12-05 15:51:21
T0004762,LOC0033,2025-10-02 09:59:21
T0004635,LOC0009,2025-06-16 17:33:46
T0000792,LOC0028,2023-12-10 14:03:29
T0000598,LOC0050,2025-08-15 09:47:58
T0000784,LOC0127,2025-04-21 02:47:31
T0001688,LOC0009,2025-01-28 13:02:57
T0002581,LOC0087,2024-12-16 15:30:52
T0002407,LOC0117,2024-04-05 16:15:05
T0000365,LOC0054,2025-02-28 19:23:49
T0003810,LOC0083,2024-05-10 04:37:17
T0004711,LOC0122,2024-12-18 03:08:26
T0003646,LOC0053,2024-09-05 10:16:07
T0000889,LOC0092,2024-01-04 07:40:09
T0003797,LOC0114,2025-05-30 22:40:10
T0001387,LOC0150,2025-01-15 09:44:06
T0001204,LOC0108,2024-08-27 04:21:44
T0004187,LOC0145,2025-05-27 13:57:54
T0003594,LOC0003,2024-12-04 16:43:14
T0003166,LOC0065,2024-12-18 20:21:49
T0002257,LOC0030,2025-08-10 01:49:23
T0002841,LOC0028,2025-01-22 04:11:24
T0003955,LOC0098,2024-03-06 11:38:39
T0003195,LOC0044,2025-09-02 11:36:42
T0001868,LOC0025,2025-07-19 12:44:06
T0000173,LOC0021,2024-08-09 14:47:39
T0000132,LOC0052,2025-08-28 03:12:32
T0001354,LOC0146,2024-08-18 09:30:46
T0000414,LOC0030,2024-10-21 02:21:42
T0002749,LOC0043,2025-08-02 12:36:51
T0004170,LOC0038,2024-02-23 07:12:11
T0001892,LOC0045,2025-08-30 19:18:16
T0003336,LOC0022,2024-02-18 00:58:55
T0002816,LOC0148,2025-11-05 19:11:07
T0000681,LOC0035,2024-03-08 10:54:45
T0001639,LOC0049,2025-11-30 00:22:57
T0004192,LOC0133,2025-04-16 01:22:12
T0004296,LOC0083,2025-10-25 17:30:33
T0002587,LOC0012,2025-01-08 05:05:13
T0002643,LOC0001,2024-05-27 16:47:50
T0004110,LOC0002,2024-03-04 00:08:37
T0000462,LOC0066,2025-11-10 23:09:21
T0002923,LOC0096,2025-03-08 20:49:38
T0001467,LOC0039,2025-08-05 23:32:59
T0003944,LOC0135,2024-01-17 20:16:54
T0002860,LOC0050,2025-09-04 08:27:22
T0001558,LOC0013,2024-01-08 14:46:44
T0001091,LOC0079,2024-05-30 10:18:13
T0001396,LOC0114,2024-02-01 07:17:05
T0004086,LOC0084,2024-01-30 01:24:54
T0003007,LOC0001,2025-01-24 18:26:05
T0001028,LOC0043,2024-11-03 12:02:33
T0003980,LOC0097,2024-07-28 09:07:48
T0004704,LOC0082,2024-03-06 01:24:42
T0000142,LOC0090,2024-02-12 00:28:45
T0004679,LOC0090,2023-12-27 22:47:20
T0001995,LOC0117,2025-06-25 09:59:25
T0003872,LOC0069,2024-01-09 11:45:10
T0002985,LOC0134,2025-11-03 16:32:59
T0001379,LOC0078,2023-12-08 00:34:34
T0000717,LOC0051,2025-06-11 04:30:48
T0004678,LOC0027,2024-01-01 07:57:32
T0002566,LOC0104,2024-05-17 03:37:18
T0000837,LOC0042,2025-01-15 13:57:48
T0000031,LOC0150,2024-05-20 18:50:27
T0002757,LOC0118,2025-08-22 00:15:14
T0004672,LOC0103,2024-11-24 09:52:01
T0003615,LOC0095,2024-11-23 13:56:23
T0002893,LOC0051,2025-03-21 02:51:02
T0001911,LOC0148,2024-10-11 03:58:09
T0001033,LOC0058,2024-03-09 00:58:35
T0003004,LOC0001,2024-10-10 16:26:37
T0002694,LOC0051,2024-02-10 10:38:57
T0003750,LOC0007,2024-04-26 00:32:08
T0004198,LOC0036,2025-01-10 08:39:00
T0000294,LOC0021,2024-03-17 17:52:46
T0003898,LOC0102,2024-04-14 12:09:03
T0003031,LOC0036,2025-03-21 04:09:32
T0001679,LOC0046,2025-06-20 22:45:01
T0002839,LOC0146,2024-03-29 22:32:26
T0001836,LOC0034,2025-09-25 20:54:48
T0000640,LOC0149,2024-09-25 14:40:01
T0001579,LOC0028,2024-01-27 11:01:07
T0002179,LOC0009,2025-04-23 07:36:58
T0000635,LOC0102,2024-07-13 23:41:01
T0003705,LOC0073,2024-03-15 18:55:06
T0003548,LOC0051,2024-09-24 12:59:06
T0002746,LOC0107,2025-08-03 20:19:36
T0003486,LOC0086,2025-08-04 17:04:29
T0004560,LOC0122,2024-05-17 16:32:45
T0000735,LOC0003,2025-01-12 04:14:07
T0002225,LOC0092,2024-02-27 05:56:36
T0004029,LOC0101,2024-07-13 12:33:01
T0002180,LOC0003,2024-12-26 00:05:23
T0000943,LOC0056,2024-12-25 19:19:35
T0001970,LOC0076,2024-08-07 02:49:59
T0001618,LOC0022,2024-12-19 00:46:12
T0000577,LOC0044,2025-05-27 07:17:24
T0003668,LOC0141,2024-02-28 15:12:37
T0004456,LOC0045,2024-05-31 11:26:28
T0001711,LOC0063,2024-10-21 12:37:14
T0000228,LOC0005,2025-01-17 20:35:38
T0002642,LOC0134,2025-06-23 09:41:44
T0004304,LOC0094,2024-12-10 09:12:49
T0001331,LOC0133,2024-07-08 06:21:22
T0003920,LOC0108,2025-06-13 06:43:09
T0003468,LOC0079,2024-12-14 21:17:58
T0002205,LOC0128,2024-10-09 00:10:12
T0004500,LOC0100,2024-04-05 23:47:41
T0004807,LOC0117,2025-10-31 03:00:55
T0004600,LOC0120,2024-10-19 01:52:32
T0004554,LOC0021,2024-01-21 10:07:36
T0001223,LOC0003,2024-10-02 11:29:11
T0003616,LOC0052,2024-08-21 00:40:17
T0004261,LOC0073,2025-11-27 07:54:50
T0002996,LOC0034,2024-11-22 15:10:47
T0004215,LOC0113,2024-04-06 20:58:24
T0002183,LOC0047,2025-02-26 00:18:47
T0001784,LOC0124,2025-03-07 10:42:18
T0002910,LOC0070,2024-03-18 04:03:25
T0003973,LOC0092,2024-11-02 10:12:33
T0000638,LOC0143,2024-07-29 04:51:16
T0002024,LOC0068,2025-06-20 04:53:59
T0000644,LOC0066,2025-09-26 21:51:10
T0004432,LOC0079,2025-02-02 12:26:44
T0000418,LOC0070,2024-11-17 14:20:13
T0004970,LOC0133,2024-11-19 05:26:14
T0001772,LOC0115,2024-02-25 10:43:17
T0004118,LOC0095,2024-08-10 01:02:19
T0003867,LOC0035,2025-02-07 11:00:16
T0000855,LOC0012,2024-08-20 08:37:06
T0000003,LOC0074,2024-09-12 00:44:32
T0000729,LOC0097,2024-05-18 23:30:31
T0003798,LOC0071,2024-08-12 22:18:45
T0003724,LOC0135,2024-09-27 11:37:49
T0004214,LOC0088,2025-11-30 10:41:24
T0002867,LOC0087,2025-01-08 11:29:11
T0000542,LOC0008,2024-12-18 12:57:48
T0004908,LOC0141,2024-01-23 23:09:00
T0000314,LOC0091,2025-09-01 06:49:04
T0001956,LOC0064,2024-11-23 00:40:42
T0003915,LOC0113,2025-10-05 07:43:46
T0003087,LOC0083,2024-03-14 14:10:08
T0004030,LOC0095,2025-11-21 03:48:02
T0003309,LOC0011,2024-06-27 20:51:05
T0001358,LOC0028,2025-04-29 22:35:32
T0000383,LOC0047,2024-01-05 22:21:53
T0001609,LOC0045,2025-01-27 22:00:58
T0003600,LOC0074,2024-01-10 05:12:16
T0000950,LOC0102,2024-10-17 05:29:35
T0002924,LOC0050,2025-02-02 19:08:11
T0003547,LOC0076,2025-04-20 08:23:08
T0003334,LOC0071,2024-01-06 11:37:06
T0002116,LOC0148,2023-12-05 00:27:24
T0000285,LOC0093,2025-03-24 10:19:20
T0001051,LOC0057,2024-06-17 17:13:46
T0000910,LOC0113,2023-12-19 21:54:54
T0003404,LOC0111,2024-08-09 10:46:00
T0004515,LOC0125,2024-01-02 04:30:50
T0000121,LOC0116,2024-02-04 16:11:44
T0002524,LOC0056,2025-10-18 14:17:01
T0003720,LOC0001,2024-09-12 14:32:34
T0003384,LOC0022,2025-02-23 10:44:11
T0000765,LOC0002,2024-11-25 06:16:20
T0002308,LOC0055,2025-05-20 12:52:30
T0003043,LOC0140,2024-01-07 15:24:47
T0000565,LOC0137,2024-12-28 04:46:19
T0004047,LOC0016,2025-05-26 08:56:57
T0003316,LOC0071,2025-06-18 17:17:09
T0002866,LOC0112,2025-11-06 14:20:30
T0001855,LOC0045,2025-11-23 01:06:50
T0000131,LOC0119,2024-02-21 03:12:38
T0004010,LOC0072,2024-10-26 16:49:05
T0001427,LOC0079,2024-10-15 21:12:05
T0003203,LOC0122,2025-01-26 17:03:31
T0001323,LOC0127,2024-03-14 16:51:49
T0002891,LOC0080,2024-06-20 03:29:33
T0003488,LOC0097,2024-09-09 05:37:19
T0002962,LOC0095,2024-10-03 19:29:56
T0003487,LOC0068,2025-07-18 01:43:09
T0004409,LOC0065,2025-04-02 18:05:03
T0001658,LOC0076,2025-04-17 10:24:17
T0001655,LOC0051,2023-12-27 06:35:21
T0002748,LOC0022,2024-02-18 11:32:52
T0002765,LOC0002,2025-10-12 00:17:48
T0003376,LOC0150,2024-03-15 11:33:14
T0003306,LOC0116,2023-12-18 05:37:35
T0001262,LOC0064,2025-04-23 04:09:32
T0002230,LOC0004,2024-04-25 10:18:00
T0000518,LOC0017,2025-05-22 07:42:32
T0000580,LOC0101,2025-07-26 20:43:58
T0000455,LOC0003,2025-10-29 02:32:33
T0001199,LOC0059,2024-11-04 03:18:01
T0001179,LOC0031,2024-05-20 13:03:50
T0004285,LOC0042,2024-06-19 04:54:21
T0004470,LOC0069,2023-12-15 05:42:40
T0003716,LOC0022,2025-11-14 06:39:26
T0002472,LOC0083,2025-06-10 08:51:52
T0001441,LOC0131,2025-08-29 17:12:35
T0004825,LOC0091,2024-09-14 03:40:55
